Workbook

Sheet Sheet1
B2: PJSC POLYUS | X2: QUARTERLY | CG2: SEMI-ANNUAL
B4: OPERATING RESULTS* | F4: 2007 | G4: 2008 | H4: 2009 | I4: 2010 | J4: 2011 | K4: 2012 | L4: 2013 | M4: 2014 | N4: 2015 | O4: 2016 | P4: 2017 | Q4: 2018 | R4: 2019 | S4: 2020 | T4: 2021 | U4: 2022 | V4: 2023 | W4: 2024 | X4: DATA | Y4: 1Q'07 | Z4: 2Q'07 | AA4: 3Q'07 | AB4: 4Q'07 | AC4: 1Q'08 | AD4: 2Q'08 | AE4: 3Q'08 | AF4: 4Q'08 | AG4: 1Q'09 | AH4: 2Q'09 | AI4: 3Q'09 | AJ4: 4Q'09 | AK4: 1Q'10 | AL4: 2Q'10 | AM4: 3Q'10 | AN4: 4Q'10 | AO4: 1Q'11 | AP4: 2Q'11 | AQ4: 3Q'11 | AR4: 4Q'11 | AS4: 1Q'12 | AT4: 2Q'12 | AU4: 3Q'12 | AV4: 4Q'12 | AW4: 1Q'13 | AX4: 2Q'13 | AY4: 3Q'13 | AZ4: 4Q'13 | BA4: 1Q'14 | BB4: 2Q'14 | BC4: 3Q'14 | BD4: 4Q'14 | BE4: 1Q'15 | BF4: 2Q'15 | BG4: 3Q'15 | BH4: 4Q'15 | BI4: 1Q'16 | BJ4: 2Q'16 | BK4: 3Q'16 | BL4: 4Q'16 | BM4: 1Q'17 | BN4: 2Q'17 | BO4: 3Q'17 | BP4: 4Q'17 | BQ4: 1Q'18 | BR4: 2Q'18 | BS4: 3Q'18 | BT4: 4Q'18 | BU4: 1Q'19 | BV4: 2Q'19 | BW4: 3Q'19 | BX4: 4Q'19 | BY4: 1Q'20 | BZ4: 2Q'20 | CA4: 3Q'20 | CB4: 4Q'20 | CC4: 1Q'21 | CD4: 2Q'21 | CE4: 3Q'21 | CF4: 4Q'21 | CG4: DATA | CH4: 1H'21 | CI4: 2H'21 | CJ4: 1H'22 | CK4: 2H'22 | CL4: 1H'23 | CM4: 2H'23 | CN4: 1H'24 | CO4: 2H'24 | CP4: 1H'25
Y5: 39172 | Z5: 39263 | AA5: 39355 | AB5: 39447 | AC5: 39538 | AD5: 39629 | AE5: 39721 | AF5: 39813 | AG5: 39903 | AH5: 39994 | AI5: 40086 | AJ5: 40178 | AK5: 40268 | AL5: 40359 | AM5: 40451 | AN5: 40543 | AO5: 40633 | AP5: 40724 | AQ5: 40816 | AR5: 40908 | AS5: 40999 | AT5: 41090 | AU5: 41182 | AV5: 41274 | AW5: 41364 | AX5: 41455 | AY5: 41547 | AZ5: 41639 | BA5: 41729 | BB5: 41820 | BC5: 41912 | BD5: 42004 | BE5: 42094 | BF5: 42185 | BG5: 42277 | BH5: 42369 | BI5: 42460 | BJ5: 42551 | BK5: 42643 | BL5: 42735 | BM5: 42825 | BN5: 42916
G6: 2008 | H6: 2009 | I6: 2010 | J6: 2011 | K6: 2012 | L6: 2013 | M6: 2014 | N6: 2015 | O6: 2016 | Y6: 2007 | Z6: 2007 | AA6: 2007 | AB6: 2007 | AC6: 2008 | AD6: 2008 | AE6: 2008 | AF6: 2008 | AG6: 2009 | AH6: 2009 | AI6: 2009 | AJ6: 2009 | AK6: 2010 | AL6: 2010 | AM6: 2010 | AN6: 2010 | AO6: 2011 | AP6: 2011 | AQ6: 2011 | AR6: 2011 | AS6: 2012 | AT6: 2012 | AU6: 2012 | AV6: 2012 | AW6: 2013 | AX6: 2013 | AY6: 2013 | AZ6: 2013 | BA6: 2014 | BB6: 2014 | BC6: 2014 | BD6: 2014 | BE6: 2015 | BF6: 2015 | BG6: 2015 | BH6: 2015 | BI6: 2016 | BJ6: 2016 | BK6: 2016 | BL6: 2016 | BM6: 2017 | BN6: 2017
G7: 4 | H7: 4 | I7: 4 | J7: 4 | K7: 4 | L7: 4 | M7: 4 | N7: 4 | O7: 4 | Y7: 1 | Z7: 2 | AA7: 3 | AB7: 4 | AC7: 1 | AD7: 2 | AE7: 3 | AF7: 4 | AG7: 1 | AH7: 2 | AI7: 3 | AJ7: 4 | AK7: 1 | AL7: 2 | AM7: 3 | AN7: 4 | AO7: 1 | AP7: 2 | AQ7: 3 | AR7: 4 | AS7: 1 | AT7: 2 | AU7: 3 | AV7: 4 | AW7: 1 | AX7: 2 | AY7: 3 | AZ7: 4 | BA7: 1 | BB7: 2 | BC7: 3 | BD7: 4 | BE7: 1 | BF7: 2 | BG7: 3 | BH7: 4 | BI7: 1 | BJ7: 2 | BK7: 3 | BL7: 4 | BM7: 1 | BN7: 2
B10: CONSOLIDATED OPERATING RESULTS
B12: Mining
B13: Total rock moved | C13: 000 m3 | F13: 49474 | G13: 50759.2 | H13: 48477.1 | I13: 55609.719 | J13: 53466.339 | K13: 66703.426 | L13: 66351.174 | M13: 71238.621 | N13: 64505.2 | O13: 58073.24 | P13: 88417.645 | Q13: 116987.17 | R13: 127952.24 | S13: 124232.62 | T13: 136429.92 | U13: 144207 | V13: 139052 | W13: 183549 | Y13: 11240.8 | Z13: 11979.8 | AA13: 13172.6 | AB13: 13080.8 | AC13: 12297.8 | AD13: 12126.3 | AE13: 13092.3 | AF13: 13242.8 | AG13: 12336.1 | AH13: 10996.8 | AI13: 11060.4 | AJ13: 14083.8 | AK13: 12672.7 | AL13: 14100.84 | AM13: 14789.399 | AN13: 14046.78 | AO13: 12839.44 | AP13: 13033.499 | AQ13: 13535.6 | AR13: 14057.8 | AS13: 16052.224 | AT13: 16420 | AU13: 16955.787 | AV13: 17275.415 | AW13: 16764.84 | AX13: 15985.079 | AY13: 16653.765 | AZ13: 16947.49 | BA13: 16828.727 | BB13: 17943.646 | BC13: 19077.702 | BD13: 17388.546 | BE13: 16111.269 | BF13: 15897.364 | BG13: 16447.244 | BH13: 16049.324 | BI13: 15147.421 | BJ13: 13286.463 | BK13: 14608.546 | BL13: 15030.809 | BM13: 18577.86 | BN13: 20675.019 | BO13: 24435.882 | BP13: 24728.884 | BQ13: 26133.841 | BR13: 28319.993 | BS13: 31239.5 | BT13: 31293.839 | BU13: 30210.605 | BV13: 31582.96 | BW13: 33738.058 | BX13: 32420.617 | BY13: 32372.793 | BZ13: 28909.286 | CA13: 32210.497 | CB13: 30741 | CC13: 31587.145 | CD13: 33120.136 | CE13: 35728.513 | CF13: 35994.131 | CH13: 64707 | CI13: 71723 | CJ13: 73981 | CK13: 70226 | CL13: 68494 | CM13: 70558 | CN13: 81420 | CO13: 102129 | CP13: 108064
B14: Stripping | C14: 000 m3 | F14: 44255.4 | G14: 47543.4 | H14: 40990.8 | I14: 46878.11 | J14: 45316.98 | K14: 57255.939 | L14: 54551.748 | M14: 59447.684 | N14: 55628.078 | O14: 46326.125 | P14: 73419.891 | Q14: 99480.959 | R14: 101563.48 | S14: 96126.834 | T14: 109711.51 | U14: 119017.9 | V14: 106997.49 | W14: 144676.78 | Y14: 9493.2 | Z14: 10798.2 | AA14: 11986.7 | AB14: 11977.3 | AC14: 11517.8 | AD14: 11304.9 | AE14: 12215.2 | AF14: 12505.5 | AG14: 11029.6 | AH14: 9176.5 | AI14: 8844 | AJ14: 11940.7 | AK14: 10508.5 | AL14: 11879.9 | AM14: 12714.07 | AN14: 11775.64 | AO14: 10633.84 | AP14: 10970.28 | AQ14: 11678.23 | AR14: 12034.63 | AS14: 13352.909 | AT14: 13959.84 | AU14: 14725.86 | AV14: 15217.33 | AW14: 14186.86 | AX14: 12906.747 | AY14: 13532.922 | AZ14: 13925.22 | BA14: 12986.471 | BB14: 14632.106 | BC14: 16547.34 | BD14: 15281.767 | BE14: 14084.787 | BF14: 13594.275 | BG14: 14237.598 | BH14: 13711.418 | BI14: 12435.395 | BJ14: 10534.153 | BK14: 11892.836 | BL14: 11463.741 | BM14: 15169.448 | BN14: 17003.116 | BO14: 20478.305 | BP14: 20769.021 | BQ14: 22583.242 | BR14: 24443.357 | BS14: 25988.519 | BT14: 26465.841 | BU14: 24663.929 | BV14: 25231.141 | BW14: 26703.959 | BX14: 24964.445 | BY14: 25251.044 | BZ14: 21972.517 | CA14: 24879.049 | CB14: 24040.997 | CC14: 25065.507 | CD14: 26351.385 | CE14: 28957.238 | CF14: 29337.378 | CH14: 51417 | CI14: 58295 | CJ14: 62481.393 | CK14: 56536.504 | CL14: 54141.279 | CM14: 52856.206 | CN14: 61737 | CO14: 82939.387 | CP14: 91506
B15: Stripping ratio | C15: m3/t | F15: 4.7195188 | G15: 7.2307154 | H15: 2.282275 | I15: 2.171984 | J15: 2.2427523 | K15: 2.432232 | L15: 1.5976795 | M15: 1.9895471 | N15: 2.5271153 | O15: 1.5607303 | P15: 1.9418115 | Q15: 2.3221062 | R15: 1.5366188 | S15: 1.3509471 | T15: 1.6296815 | U15: 1.9 | V15: 1.3 | W15: 1.5 | Y15: 2.5836055 | Z15: 5.4202389 | AA15: 5.7509476 | AB15: 7.3652072 | AC15: 7.3305754 | AD15: 6.5937008 | AE15: 6.6405001 | AF15: 8.6244828 | AG15: 3.7230717 | AH15: 2.1362557 | AI15: 1.6338143 | AJ15: 2.2575199 | AK15: 1.9695805 | AL15: 2.1765992 | AM15: 2.4628131 | AN15: 2.0926082 | AO15: 1.9238029 | AP15: 2.1446257 | AQ15: 2.5501956 | AR15: 2.4147165 | AS15: 1.9730146 | AT15: 2.2648006 | AU15: 2.6415432 | AV15: 3.0228043 | AW15: 2.0137 | AX15: 1.4776626 | AY15: 1.5048463 | AZ15: 1.485875 | BA15: 1.3169155 | BB15: 1.7298207 | BC15: 2.6079088 | BD15: 2.9303889 | BE15: 2.807955 | BF15: 2.3544559 | BG15: 2.6189812 | BH15: 2.369639 | BI15: 1.8201588 | BJ15: 1.5161949 | BK15: 1.7443807 | BL15: 1.2618672 | BM15: 1.759813 | BN15: 1.8461579 | BO15: 2.0654897 | BP15: 2.0634894 | BQ15: 2.5601571 | BR15: 2.6234167 | BS15: 2.0508307 | BT15: 2.1999454 | BU15: 1.7712052 | BV15: 1.6110861 | BW15: 1.5279369 | BX15: 1.3131579 | BY15: 1.3854201 | BZ15: 1.2653916 | CA15: 1.3622617 | CB15: 1.3895227 | CC15: 1.5064184 | CD15: 1.5476812 | CE15: 1.7208735 | CF15: 1.7433396 | CH15: 1.5 | CI15: 1.7 | CJ15: 2.2 | CK15: 1.7 | CL15: 1.5 | CM15: 1.2 | CN15: 1.2 | CO15: 1.7 | CP15: 2.3
B16: Ore mined | C16: kT | F16: 9377.1 | G16: 6575.2 | H16: 17960.5 | I16: 21583.083 | J16: 20205.968 | K16: 23540.492 | L16: 34144.363 | M16: 29880.009 | N16: 22012.481 | O16: 29682.338 | P16: 37810 | Q16: 42840.83 | R16: 66095.427 | S16: 71155.144 | T16: 67320.827 | U16: 62333 | V16: 81757 | W16: 98026 | Y16: 3674.4 | Z16: 1992.2 | AA16: 2084.3 | AB16: 1626.2 | AC16: 1571.2 | AD16: 1714.5 | AE16: 1839.5 | AF16: 1450 | AG16: 2962.5 | AH16: 4295.6 | AI16: 5413.1 | AJ16: 5289.3 | AK16: 5335.4 | AL16: 5458.01 | AM16: 5162.4178 | AN16: 5627.255 | AO16: 5527.51 | AP16: 5115.2423 | AQ16: 4579.3468 | AR16: 4983.8687 | AS16: 6767.77 | AT16: 6163.8275 | AU16: 5574.7186 | AV16: 5034.1764 | AW16: 7045.1706 | AX16: 8734.5694 | AY16: 8992.8929 | AZ16: 9371.7302 | BA16: 9861.279 | BB16: 8458.741 | BC16: 6345.0609 | BD16: 5214.9279 | BE16: 5016.03 | BF16: 5773.85 | BG16: 5436.3115 | BH16: 5786.2898 | BI16: 6832.0386 | BJ16: 6947.7562 | BK16: 6817.7986 | BL16: 9084.7446 | BM16: 8619.9207 | BN16: 9210.0008 | BO16: 9914.5039 | BP16: 10065 | BQ16: 8821.0377 | BR16: 9317.3747 | BS16: 12673 | BT16: 12030.227 | BU16: 13946.34 | BV16: 15660.952 | BW16: 17477.135 | BX16: 19011 | BY16: 18226.272 | BZ16: 17364.203 | CA16: 18264 | CB16: 17301 | CC16: 16639.141 | CD16: 17027 | CE16: 16827.058 | CF16: 16828.264 | CH16: 33666 | CI16: 33655 | CJ16: 28149 | CK16: 34184 | CL16: 36471 | CM16: 45286 | CN16: 50210 | CO16: 47816 | CP16: 38945
B17: Average grade in ore mined | C17: g/t | F17: 4.169786 | G17: 1.7677485 | H17: 2.5018847 | I17: 2.4118227 | J17: 2.4247284 | K17: 2.3677328 | L17: 2.3800896 | M17: 2.0131631 | N17: 1.8714069 | O17: 2.3559662 | P17: 2.4553028 | Q17: 2.3780405 | R17: 1.9469623 | S17: 1.7655726 | T17: 1.6332533 | U17: 1.6490493 | V17: 1.9635648 | W17: 1.5318535 | Y17: 5.7611311 | Z17: 3.4759562 | AA17: 3.2726575 | AB17: 2.5739761 | AC17: 1.9044679 | AD17: 1.8424614 | AE17: 1.6742049 | AF17: 1.649931 | AG17: 1.9494346 | AH17: 2.2961402 | AI17: 2.858787 | AJ17: 2.6131435 | AK17: 2.5403213 | AL17: 2.2832983 | AM17: 2.3209962 | AN17: 2.4979716 | AO17: 2.4226242 | AP17: 2.3207251 | AQ17: 2.4187264 | AR17: 2.5393219 | AS17: 2.473379 | AT17: 2.4117756 | AU17: 2.2935633 | AV17: 2.2539133 | AW17: 2.2793029 | AX17: 2.474296 | AY17: 2.3826513 | AZ17: 2.3655962 | BA17: 2.3149365 | BB17: 2.0782288 | BC17: 1.7140387 | BD17: 1.7009284 | BE17: 1.8444524 | BF17: 1.8872743 | BG17: 1.815472 | BH17: 1.9314917 | BI17: 2.0802787 | BJ17: 2.3108874 | BK17: 2.3430781 | BL17: 2.6074397 | BM17: 2.5365385 | BN17: 2.4930213 | BO17: 2.4438756 | BP17: 2.3611575 | BQ17: 2.4330593 | BR17: 2.4380291 | BS17: 2.3126105 | BT17: 2.360159 | BU17: 2.0599898 | BV17: 2.1072902 | BW17: 1.9001312 | BX17: 1.7750233 | BY17: 1.7021282 | BZ17: 1.8670152 | CA17: 1.7844092 | CB17: 1.7087818 | CC17: 1.714072 | CD17: 1.7834139 | CE17: 1.4735217 | CF17: 1.5611348 | CH17: 1.75 | CI17: 1.52 | CJ17: 1.42 | CK17: 1.8364774 | CL17: 2.04 | CM17: 1.8995414 | CN17: 1.76 | CO17: 1.2956892 | CP17: 1.2
B19: Processing
B20: Ore processed | C20: kT | F20: 10518.569 | G20: 10814.122 | H20: 13930.592 | I20: 18230.309 | J20: 20160.756 | K20: 21757.982 | L20: 22481 | M20: 23743 | N20: 24823 | O20: 26445 | P20: 28663.272 | Q20: 38024.578 | R20: 44078.439 | S20: 45113 | T20: 47895.11 | U20: 48319 | V20: 48894 | W20: 50527 | Y20: 2226.6816 | Z20: 2386.865 | AA20: 3071.4328 | AB20: 2833.5897 | AC20: 2143.549 | AD20: 2850.262 | AE20: 2694.541 | AF20: 3125.77 | AG20: 3319.5813 | AH20: 3318.205 | AI20: 3402.001 | AJ20: 3890.805 | AK20: 3848.13 | AL20: 4645.6 | AM20: 4807.34 | AN20: 4929.239 | AO20: 5081.621 | AP20: 4806.623 | AQ20: 5191.855 | AR20: 5080.657 | AS20: 5248.8818 | AT20: 5141.101 | AU20: 5590.378 | AV20: 5777.621 | AW20: 5280 | AX20: 5680 | AY20: 5776 | AZ20: 5745 | BA20: 5633 | BB20: 6016 | BC20: 6053 | BD20: 6041 | BE20: 5978 | BF20: 6143 | BG20: 6322 | BH20: 6380 | BI20: 6396 | BJ20: 6535 | BK20: 6521 | BL20: 6993 | BM20: 6630 | BN20: 6925 | BO20: 7299.2724 | BP20: 7809 | BQ20: 8491.7653 | BR20: 9872 | BS20: 10382 | BT20: 9278.7121 | BU20: 10283.953 | BV20: 10900.821 | BW20: 11366.088 | BX20: 11527 | BY20: 10698.374 | BZ20: 11753 | CA20: 12224 | CB20: 10438 | CC20: 11126.002 | CD20: 12169 | CE20: 12722 | CF20: 11878 | CH20: 23295 | CI20: 24600 | CJ20: 23777 | CK20: 24542 | CL20: 23591 | CM20: 25303 | CN20: 24815 | CO20: 25712 | CP20: 25342
B21: Average grade in ore processed | C21: g/t | F21: 3.6381165 | G21: 3.7090189 | H21: 3.1589391 | I21: 2.6151055 | J21: 2.4918542 | K21: 2.4753478 | L21: 2.4911036 | M21: 2.51412 | N21: 2.428159 | O21: 2.5402635 | P21: 2.698494 | Q21: 2.404956 | R21: 2.3602493 | S21: 2.249944 | T21: 2.12 | U21: 1.97 | V21: 2.26 | W21: 2.1900393 | Y21: 3.411417 | Z21: 3.5927865 | AA21: 3.671789 | AB21: 3.8179454 | AC21: 3.3743623 | AD21: 4.6143915 | AE21: 3.450402 | AF21: 3.3358813 | AG21: 3.0527334 | AH21: 3.1424766 | AI21: 3.676075 | AJ21: 2.8114242 | AK21: 2.5530466 | AL21: 2.5755923 | AM21: 2.6161662 | AN21: 2.6997583 | AO21: 2.4932009 | AP21: 2.4192634 | AQ21: 2.4601472 | AR21: 2.5915835 | AS21: 2.4838084 | AT21: 2.5099231 | AU21: 2.4183859 | AV21: 2.4920113 | AW21: 2.4774749 | AX21: 2.472836 | AY21: 2.5444179 | AZ21: 2.4680881 | BA21: 2.4669507 | BB21: 2.5103353 | BC21: 2.5022045 | BD21: 2.573812 | BE21: 2.4313944 | BF21: 2.5325774 | BG21: 2.3693281 | BH21: 2.3828841 | BI21: 2.3902954 | BJ21: 2.3564058 | BK21: 2.5760735 | BL21: 2.8158516 | BM21: 2.5778287 | BN21: 2.6975835 | BO21: 2.8445642 | BP21: 2.6521273 | BQ21: 2.5206099 | BR21: 2.3668405 | BS21: 2.32 | BT21: 2.4300066 | BU21: 2.4108559 | BV21: 2.3593021 | BW21: 2.2995297 | BX21: 2.3997457 | BY21: 2.1996022 | BZ21: 2.24 | CA21: 2.25 | CB21: 2.3052993 | CC21: 2.1778314 | CD21: 2.1 | CE21: 2.1 | CF21: 2.12 | CH21: 2.14 | CI21: 2.11 | CJ21: 1.86 | CK21: 2.07 | CL21: 2.31 | CM21: 2.22 | CN21: 2.18 | CO21: 2.2039884 | CP21: 1.9
B22: Recovery | C22: % | F22: 0.84677869 | G22: 0.82287174 | H22: 0.74946314 | I22: 0.71883009 | J22: 0.76104718 | K22: 0.78543865 | L22: 0.78992988 | M22: 0.81017695 | N22: 0.83713884 | O22: 0.83886561 | P22: 0.834 | Q22: 0.808 | R22: 0.823 | S22: 0.83751877 | T22: 0.827 | U22: 0.818 | V22: 0.83 | W22: 0.842 | Y22: 0.88739155 | Z22: 0.8799866 | AA22: 0.82707102 | AB22: 0.81006945 | AC22: 0.77034386 | AD22: 0.85182169 | AE22: 0.82717298 | AF22: 0.82613108 | AG22: 0.78620145 | AH22: 0.747825 | AI22: 0.77439939 | AJ22: 0.68540599 | AK22: 0.66900775 | AL22: 0.70541011 | AM22: 0.74750146 | AN22: 0.73676721 | AO22: 0.76378615 | AP22: 0.7826639 | AQ22: 0.735753 | AR22: 0.76132582 | AS22: 0.78699789 | AT22: 0.81514248 | AU22: 0.76328692 | AV22: 0.77917219 | AW22: 0.78538079 | AX22: 0.79236407 | AY22: 0.78360431 | AZ22: 0.79827176 | BA22: 0.79981049 | BB22: 0.80895623 | BC22: 0.81330927 | BD22: 0.81757641 | BE22: 0.82618322 | BF22: 0.83267609 | BG22: 0.85100815 | BH22: 0.83851498 | BI22: 0.84043301 | BJ22: 0.84217616 | BK22: 0.84327287 | BL22: 0.83129991 | BM22: 0.83282921 | BN22: 0.83938412 | BO22: 0.838 | BP22: 0.827 | BQ22: 0.815 | BR22: 0.80623953 | BS22: 0.80575463 | BT22: 0.80610257 | BU22: 0.81406295 | BV22: 0.81790807 | BW22: 0.82145667 | BX22: 0.832 | BY22: 0.83581612 | BZ22: 0.83404487 | CA22: 0.84115123 | CB22: 0.83882127 | CC22: 0.81634021 | CD22: 0.82596919 | CE22: 0.82978908 | CF22: 0.834 | CH22: 0.821 | CI22: 0.832 | CJ22: 0.818 | CK22: 0.818 | CL22: 0.827 | CM22: 0.833 | CN22: 0.836 | CO22: 0.848 | CP22: 0.845
B23: Total Dore gold output1 | C23: koz | F23: 1201.4307 | G23: 1232.4212 | H23: 1227.7918 | I23: 1274.5282 | J23: 1394.1873 | K23: 1564.6152 | L23: 1658.7633 | M23: 1704.9529 | N23: 1767.4358 | O23: 1966.3721 | P23: 2161.8784 | Q23: 2450 | R23: 2846.6 | S23: 2803.5 | T23: 2736.4 | U23: 2568 | V23: 2903.3 | W23: 2935.8 | Y23: 223.92348 | Z23: 287.26619 | AA23: 387.98962 | AB23: 302.2514 | AC23: 202.43133 | AD23: 381.95446 | AE23: 340.82051 | AF23: 307.21491 | AG23: 253.86949 | AH23: 291.73248 | AI23: 422.5744 | AJ23: 259.61543 | AK23: 189.30843 | AL23: 330.22 | AM23: 432.90701 | AN23: 322.09278 | AO23: 298.11709 | AP23: 348.67602 | AQ23: 393.84193 | AR23: 353.55229 | AS23: 334.33246 | AT23: 380.7613 | AU23: 449.88693 | AV23: 399.63451 | AW23: 339.46906 | AX23: 416.84131 | AY23: 474.89998 | AZ23: 427.55298 | BA23: 354.20769 | BB23: 428.84973 | BC23: 484.30045 | BD23: 437.59503 | BE23: 368.9105 | BF23: 457.64523 | BG23: 496.8421 | BH23: 444.03794 | BI23: 398.72558 | BJ23: 466.76741 | BK23: 565.37118 | BL23: 535.50796 | BM23: 439.90439 | BN23: 531.47401 | BO23: 635.8 | BP23: 554.7 | BQ23: 538.77423 | BR23: 627.60486 | BS23: 698.83284 | BT23: 584.81226 | BU23: 656.22098 | BV23: 705.92631 | BW23: 770.17005 | BX23: 714.3 | BY23: 660.17859 | BZ23: 712.37411 | CA23: 770.21289 | CB23: 660.7 | CC23: 614.7 | CD23: 693.4 | CE23: 764.2 | CF23: 664.1 | CH23: 1308.1 | CI23: 1428.3 | CJ23: 1186.2 | CK23: 1381.8 | CL23: 1427.7 | CM23: 1475.6 | CN23: 1481.3 | CO23: 1454.5 | CP23: 1310.5
B24: Total refined gold output2 | C24: koz | F24: 1214.3533 | G24: 1221.6179 | H24: 1230.935 | I24: 1277 | J24: 1381.3371 | K24: 1568.94 | L24: 1649.7 | M24: 1685.5 | N24: 1744.4433 | O24: 1841.4049 | P24: 1990.1602 | Q24: 2183.7963 | R24: 2523.7 | S24: 2568.1 | T24: 2687.6 | U24: 2457.6 | V24: 2482.7 | W24: 2790.6 | Y24: 211.23281 | Z24: 257.46116 | AA24: 408.16837 | AB24: 338.7278 | AC24: 172.2991 | AD24: 391.776 | AE24: 330.96931 | AF24: 326.57351 | AG24: 201.14591 | AH24: 276.84218 | AI24: 444.73877 | AJ24: 308.20811 | AK24: 189.7745 | AL24: 266.2255 | AM24: 419.49688 | AN24: 402.50312 | AO24: 231.79707 | AP24: 321.523 | AQ24: 463.86163 | AR24: 364.15539 | AS24: 302.5 | AT24: 367.1 | AU24: 449.5 | AV24: 449.84 | AW24: 319.9 | AX24: 398.5 | AY24: 466.8 | AZ24: 464.5 | BA24: 330.6 | BB24: 412.6 | BC24: 492.3 | BD24: 450 | BE24: 352.73074 | BF24: 425.29287 | BG24: 503.30227 | BH24: 463.11742 | BI24: 374.97825 | BJ24: 432.4674 | BK24: 515.62785 | BL24: 518.33139 | BM24: 422.02574 | BN24: 454.83447 | BO24: 561.6 | BP24: 551.7 | BQ24: 432.1 | BR24: 538.9 | BS24: 623.8 | BT24: 589.00593 | BU24: 538.01411 | BV24: 615.3 | BW24: 649.7 | BX24: 720.7 | BY24: 533 | BZ24: 646.3 | CA24: 701.1 | CB24: 687.7 | CC24: 569 | CD24: 671.4 | CE24: 763 | CF24: 684.2 | CH24: 1240.4 | CI24: 1447.2 | CJ24: 1063.6 | CK24: 1394 | CL24: 1226.7 | CM24: 1256 | CN24: 1333.4 | CO24: 1457.2 | CP24: 1311.4
B25: Gold contained in concentrate | C25: koz | F25: 0 | G25: 0 | H25: 0 | I25: 0 | J25: 0 | K25: 0 | L25: 2 | M25: 10 | N25: 18.910573 | O25: 126.44112 | P25: 169.99935 | Q25: 256.3 | R25: 317.5 | S25: 198 | T25: 29.8 | U25: 83.7 | V25: 419.5 | W25: 211 | Y25: 0 | Z25: 0 | AA25: 0 | AB25: 0 | AC25: 0 | AD25: 0 | AE25: 0 | AF25: 0 | AG25: 0 | AH25: 0 | AI25: 0 | AJ25: 0 | AK25: 0 | AL25: 0 | AM25: 0 | AN25: 0 | AO25: 0 | AP25: 0 | AQ25: 0 | AR25: 0 | AS25: 0 | AT25: 0 | AU25: 0 | AV25: 0 | AW25: 0 | AX25: 2 | AY25: 0 | AZ25: 0 | BA25: 0 | BB25: 0 | BC25: 0 | BD25: 10 | BE25: 0 | BF25: 5.8636295 | BG25: 10.294919 | BH25: 2.7520247 | BI25: 9.3530728 | BJ25: 22.726259 | BK25: 39.328301 | BL25: 55.033488 | BM25: 28.18051 | BN25: 33.018844 | BO25: 80.7 | BP25: 28.1 | BQ25: 74.4 | BR25: 63.1 | BS25: 67.4 | BT25: 51.4 | BU25: 62.7 | BV25: 68.5 | BW25: 103 | BX25: 83.3 | BY25: 61.9 | BZ25: 44.1 | CA25: 70 | CB25: 22 | CC25: 22.7 | CD25: 0.1 | CE25: 7 | CF25: 0 | CH25: 22.8 | CI25: 7 | CJ25: 4 | CK25: 79.7 | CL25: 221.2 | CM25: 198.3 | CN25: 139.5 | CO25: 71.5 | CP25: -0.5
B26: Gold payable in concentrate | C26: koz | F26: 0 | G26: 0 | H26: 0 | I26: 0 | J26: 0 | K26: 0 | L26: 1.3 | M26: 6.5 | N26: 12.291872 | O26: 82.186729 | P26: 119.03955 | Q26: 189.7 | R26: 235.5 | S26: 153.6 | T26: 22.8 | U26: 70.5 | V26: 347.9 | W26: 176.4 | Y26: 0 | Z26: 0 | AA26: 0 | AB26: 0 | AC26: 0 | AD26: 0 | AE26: 0 | AF26: 0 | AG26: 0 | AH26: 0 | AI26: 0 | AJ26: 0 | AK26: 0 | AL26: 0 | AM26: 0 | AN26: 0 | AO26: 0 | AP26: 0 | AQ26: 0 | AR26: 0 | AS26: 0 | AT26: 0 | AU26: 0 | AV26: 0 | AW26: 0 | AX26: 1.3 | AY26: 0 | AZ26: 0 | BA26: 0 | BB26: 0 | BC26: 0 | BD26: 6.5 | BE26: 0 | BF26: 3.8113592 | BG26: 6.6916971 | BH26: 1.788816 | BI26: 6.0794973 | BJ26: 14.772068 | BK26: 25.563395 | BL26: 35.771767 | BM26: 19.726357 | BN26: 23.11319 | BO26: 56.5 | BP26: 19.7 | BQ26: 55.1 | BR26: 46.7 | BS26: 49.8 | BT26: 38.1 | BU26: 46.5 | BV26: 50.8 | BW26: 76.4 | BX26: 61.8 | BY26: 48.5 | BZ26: 32.4 | CA26: 55.5 | CB26: 17.2 | CC26: 17.4 | CD26: 0 | CE26: 5.4 | CF26: 0 | CH26: 17.4 | CI26: 5.4 | CJ26: 3.1 | CK26: 67.4 | CL26: 184.6 | CM26: 163.3 | CN26: 116.4 | CO26: 60 | CP26: -0.4
B27: Total gold produced2 | C27: koz | F27: 1214.3533 | G27: 1221.6179 | H27: 1230.935 | I27: 1277 | J27: 1381.3371 | K27: 1568.94 | L27: 1651.7 | M27: 1695.5 | N27: 1763.3539 | O27: 1967.846 | P27: 2160.1596 | Q27: 2440.1 | R27: 2841.2 | S27: 2766.1 | T27: 2717.4 | U27: 2541.3 | V27: 2902.2 | W27: 3001.6 | Y27: 211.23281 | Z27: 257.46116 | AA27: 408.16837 | AB27: 338.7278 | AC27: 172.2991 | AD27: 391.776 | AE27: 330.96931 | AF27: 326.57351 | AG27: 201.14591 | AH27: 276.84218 | AI27: 444.73877 | AJ27: 308.20811 | AK27: 189.7745 | AL27: 266.2255 | AM27: 419.49688 | AN27: 402.50312 | AO27: 231.79707 | AP27: 321.523 | AQ27: 463.86163 | AR27: 364.15539 | AS27: 302.5 | AT27: 367.1 | AU27: 449.5 | AV27: 449.84 | AW27: 319.9 | AX27: 400.5 | AY27: 466.8 | AZ27: 464.5 | BA27: 330.6 | BB27: 412.6 | BC27: 492.3 | BD27: 460 | BE27: 352.73074 | BF27: 431.1565 | BG27: 513.59719 | BH27: 465.86945 | BI27: 384.33132 | BJ27: 455.19366 | BK27: 554.95615 | BL27: 573.36488 | BM27: 450.20625 | BN27: 487.85332 | BO27: 642.3 | BP27: 579.8 | BQ27: 506.5 | BR27: 602 | BS27: 691.2 | BT27: 640.4 | BU27: 600.7 | BV27: 683.8 | BW27: 752.74944 | BX27: 804 | BY27: 594.9 | BZ27: 690.4 | CA27: 771.1 | CB27: 709.7 | CC27: 591.7 | CD27: 671.5 | CE27: 770 | CF27: 684.2 | CH27: 1263.2 | CI27: 1454.2 | CJ27: 1067.6 | CK27: 1473.7 | CL27: 1447.9 | CM27: 1454.3 | CN27: 1472.9 | CO27: 1528.7 | CP27: 1310.9
B30: OLIMPIADA
B32: Mining
B33: Total rock moved | C33: 000 m3 | F33: 32840.9 | G33: 30622.4 | H33: 24055.1 | I33: 22053.3 | J33: 16937.02 | K33: 24368.4 | L33: 25052.2 | M33: 24122.1 | N33: 22339.83 | O33: 19513.5 | P33: 28074.4 | Q33: 46745.6 | R33: 50014.323 | S33: 43889.8 | T33: 50245 | U33: 50538 | V33: 56123 | W33: 72779 | Y33: 7642.2 | Z33: 7693.7 | AA33: 9066.2 | AB33: 8438.8 | AC33: 8206.5 | AD33: 7508.3 | AE33: 7605.2 | AF33: 7302.4 | AG33: 6196 | AH33: 5531.5 | AI33: 6037.4 | AJ33: 6290.2 | AK33: 5856.6 | AL33: 5688 | AM33: 5002 | AN33: 5506.7 | AO33: 4153.62 | AP33: 4162.5 | AQ33: 4256 | AR33: 4364.9 | AS33: 5992.5 | AT33: 6136 | AU33: 6106 | AV33: 6133.9 | AW33: 6660.3 | AX33: 5788.1 | AY33: 6236 | AZ33: 6367.8 | BA33: 5162.7 | BB33: 5748 | BC33: 6602 | BD33: 6609.4 | BE33: 5844.61 | BF33: 5362.5 | BG33: 5554.32 | BH33: 5578.4 | BI33: 5429.9 | BJ33: 3772.7 | BK33: 4537.4 | BL33: 5773.5 | BM33: 5456.4 | BN33: 6030.7 | BO33: 7683.6 | BP33: 8903.7 | BQ33: 10530.7 | BR33: 10966.8 | BS33: 12261.5 | BT33: 12986.6 | BU33: 11896 | BV33: 12310.251 | BW33: 13110.572 | BX33: 12697.5 | BY33: 12418.8 | BZ33: 9232.9 | CA33: 11165.1 | CB33: 11073 | CC33: 10848.943 | CD33: 11368 | CE33: 13713 | CF33: 14315 | CH33: 22217 | CI33: 28028 | CJ33: 27765 | CK33: 22773 | CL33: 26847 | CM33: 29276 | CN33: 31949 | CO33: 40830 | CP33: 42493
B34: Stripping | C34: 000 m3 | F34: 30947.9 | G34: 30061.2 | H34: 20083.6 | I34: 18525.9 | J34: 14329.4 | K34: 21383.9 | L34: 20756.928 | M34: 21897.89 | N34: 21311.466 | O34: 15890.373 | P34: 23659.759 | Q34: 40165.974 | R34: 42509.436 | S34: 37993.843 | T34: 45973 | U34: 43539 | V34: 43143 | W34: 65774 | Y34: 6566.4 | Z34: 7400.4 | AA34: 8731.7 | AB34: 8249.4 | AC34: 8049.1 | AD34: 7347.2 | AE34: 7428 | AF34: 7236.9 | AG34: 5670.3 | AH34: 4623.2 | AI34: 4703.3 | AJ34: 5086.8 | AK34: 4787.1 | AL34: 4787.1 | AM34: 4293.2 | AN34: 4658.5 | AO34: 3380.8 | AP34: 3579.3 | AQ34: 3658.5 | AR34: 3710.8 | AS34: 4879.1 | AT34: 5255.5 | AU34: 5512 | AV34: 5737.3 | AW34: 5928.9 | AX34: 4530.6 | AY34: 5080.6 | AZ34: 5216.828 | BA34: 3982.4 | BB34: 4973.6 | BC34: 6373.49 | BD34: 6568.4 | BE34: 5584.3 | BF34: 5131.31 | BG34: 5371.151 | BH34: 5224.7048 | BI34: 4933.609 | BJ34: 3020.177 | BK34: 3733.5886 | BL34: 4202.9984 | BM34: 4378.9412 | BN34: 4934.4186 | BO34: 6583.9313 | BP34: 7762.468 | BQ34: 9291.7162 | BR34: 9626.8531 | BS34: 10129.434 | BT34: 11117.971 | BU34: 10023.949 | BV34: 10256.297 | BW34: 11283.222 | BX34: 10945.968 | BY34: 10920.32 | BZ34: 7702.0133 | CA34: 9660.5475 | CB34: 9711 | CC34: 9656.8407 | CD34: 10248.856 | CE34: 13060 | CF34: 13007 | CH34: 19906 | CI34: 26067 | CJ34: 25641 | CK34: 17898 | CL34: 20311 | CM34: 22832 | CN34: 26718 | CO34: 39056 | CP34: 41013
B35: Stripping ratio | C35: m3/t | F35: 6.9189787 | G35: 19.839757 | H35: 1.894161 | I35: 1.9467729 | J35: 2.0352729 | K35: 2.6543638 | L35: 1.7897972 | M35: 3.6463684 | N35: 7.6756308 | O35: 1.6243774 | P35: 1.9419336 | Q35: 2.2118111 | R35: 2.0522587 | S35: 2.3348008 | T35: 3.9 | U35: 2.3 | V35: 1.2 | W35: 3.5 | Y35: 2.7033347 | Z35: 10.657258 | AA35: 10.071165 | AB35: 17.097202 | AC35: 18.939059 | AD35: 16.893999 | AE35: 15.526756 | AF35: 40.909553 | AG35: 3.994857 | AH35: 1.9208908 | AI35: 1.3333239 | AJ35: 1.5655546 | AK35: 1.6577553 | AL35: 1.9743875 | AM35: 2.2433325 | AN35: 2.0341462 | AO35: 1.6202512 | AP35: 2.273091 | AQ35: 2.2677403 | AR35: 2.101222 | AS35: 1.6230394 | AT35: 2.2125719 | AU35: 3.4367089 | AV35: 5.3578066 | AW35: 3.0021571 | AX35: 1.3343783 | AY35: 1.6286115 | AZ35: 1.67873 | BA35: 1.2496509 | BB35: 2.3786886 | BC35: 10.330023 | BD35: 59.33514 | BE35: 7.9453361 | BF35: 8.2204867 | BG35: 10.862221 | BH35: 5.4710096 | BI35: 3.6818527 | BJ35: 1.4864451 | BK35: 1.7203162 | BL35: 0.99119022 | BM35: 1.4725137 | BN35: 1.6308155 | BO35: 2.1692737 | BP35: 2.4650581 | BQ35: 2.7171977 | BR35: 2.6030809 | BS35: 1.7213746 | BT35: 2.1557254 | BU35: 1.9400469 | BV35: 1.8092173 | BW35: 2.2371867 | BX35: 2.2642637 | BY35: 2.6404345 | BZ35: 1.822855 | CA35: 2.3264049 | CB35: 2.6 | CC35: 2.9350295 | CD35: 3.3150686 | CE35: 7.3 | CF35: 3.6 | CH35: 3.1 | CI35: 4.8 | CJ35: 4.4 | CK35: 1.3 | CL35: 1.1 | CM35: 1.3 | CN35: 1.9 | CO35: 8.5 | CP35: 10.5
B36: Ore mined | C36: kT | F36: 4472.9 | G36: 1515.2 | H36: 10602.9 | I36: 9516.21 | J36: 7040.53 | K36: 8056.13 | L36: 11597.363 | M36: 6005.397 | N36: 2776.51 | O36: 9782.4391 | P36: 12183.609 | Q36: 18159.767 | R36: 20713.489 | S36: 16272.841 | T36: 11791 | U36: 19316 | V36: 35827 | W36: 19032 | Y36: 2429 | Z36: 694.4 | AA36: 867 | AB36: 482.5 | AC36: 425 | AD36: 434.9 | AE36: 478.4 | AF36: 176.9 | AG36: 1419.4 | AH36: 2406.8 | AI36: 3527.5 | AJ36: 3249.2 | AK36: 2887.7 | AL36: 2424.6 | AM36: 1913.76 | AN36: 2290.15 | AO36: 2086.59 | AP36: 1574.64 | AQ36: 1613.28 | AR36: 1766.02 | AS36: 3006.15 | AT36: 2375.29 | AU36: 1603.86 | AV36: 1070.83 | AW36: 1974.88 | AX36: 3395.289 | AY36: 3119.59 | AZ36: 3107.604 | BA36: 3186.81 | BB36: 2090.9 | BC36: 616.987 | BD36: 110.7 | BE36: 702.84 | BF36: 624.21 | BG36: 494.48 | BH36: 954.98 | BI36: 1339.98 | BJ36: 2031.812 | BK36: 2170.2921 | BL36: 4240.355 | BM36: 2973.7863 | BN36: 3025.7368 | BO36: 3035.0856 | BP36: 3149 | BQ36: 3419.5952 | BR36: 3698.2534 | BS36: 5886 | BT36: 5157.4152 | BU36: 5166.8594 | BV36: 5668.9136 | BW36: 5043.487 | BX36: 4834.2285 | BY36: 4135.8042 | BZ36: 4225.2474 | CA36: 4152.5649 | CB36: 3759 | CC36: 3290.2023 | CD36: 3091.597 | CE36: 1799 | CF36: 3610 | CH36: 6382 | CI36: 5409 | CJ36: 5863 | CK36: 13453 | CL36: 18038 | CM36: 17789 | CN36: 14429 | CO36: 4603 | CP36: 3899
B37: Average grade in ore mined | C37: g/t | F37: 7.1399092 | G37: 2.6700766 | H37: 3.0319818 | I37: 3.1876136 | J37: 3.4272045 | K37: 3.3582465 | L37: 3.6283083 | M37: 3.6834434 | N37: 2.6740296 | O37: 3.3698158 | P37: 4.08 | Q37: 3.7060882 | R37: 3.4155962 | S37: 3.1820679 | T37: 2.8 | U37: 2.51 | V37: 2.93 | W37: 2.85 | Y37: 7.9872787 | Z37: 7.015409 | AA37: 5.8758939 | AB37: 5.3245596 | AC37: 3.444 | AD37: 2.7461485 | AE37: 2.1875 | AF37: 1.9287733 | AG37: 2.2996336 | AH37: 2.6582184 | AI37: 3.4488448 | AJ37: 3.1761972 | AK37: 3.1470374 | AL37: 2.9685309 | AM37: 3.2006626 | AN37: 3.459817 | AO37: 3.3455091 | AP37: 3.2471422 | AQ37: 3.361357 | AR37: 3.744431 | AS37: 3.2328327 | AT37: 3.3350665 | AU37: 3.4527453 | AV37: 3.6202012 | AW37: 3.5642875 | AX37: 3.6392189 | AY37: 3.5150773 | AZ37: 3.7707404 | BA37: 3.8760171 | BB37: 3.6311875 | BC37: 3.0326733 | BD37: 2.7537489 | BE37: 2.7138182 | BF37: 2.4452668 | BG37: 2.6876315 | BH37: 2.7872311 | BI37: 3.1784168 | BJ37: 3.4215357 | BK37: 3.3365482 | BL37: 3.422544 | BM37: 4.0717634 | BN37: 4.1758435 | BO37: 4.187951 | BP37: 3.9008394 | BQ37: 3.7920595 | BR37: 4.0384783 | BS37: 3.4803614 | BT37: 3.6682864 | BU37: 3.3568292 | BV37: 3.4802584 | BW37: 3.5174293 | BX37: 3.2963388 | BY37: 2.9343648 | BZ37: 3.5240057 | CA37: 3.2964542 | CB37: 2.94 | CC37: 3.079387 | CD37: 3.2425619 | CE37: 2.43 | CF37: 2.36 | CH37: 3.16 | CI37: 2.38 | CJ37: 2.04 | CK37: 2.72 | CL37: 2.89 | CM37: 2.97 | CN37: 3.12 | CO37: 1.99 | CP37: 1.42
B39: Processing
B40: Ore processed | C40: kT | F40: 6230.528 | G40: 6623.422 | H40: 8876.952 | I40: 7377.3 | J40: 8050.668 | K40: 8068.497 | L40: 7822.351 | M40: 8525.79 | N40: 9506.01 | O40: 11336.194 | P40: 12441.628 | Q40: 13266.535 | R40: 13908 | S40: 14048.351 | T40: 15061 | U40: 15189 | V40: 15373 | W40: 15325 | Y40: 1209.01 | Z40: 1262.75 | AA40: 1970.899 | AB40: 1787.869 | AC40: 1149.249 | AD40: 1774.962 | AE40: 1621.541 | AF40: 2077.67 | AG40: 2335.434 | AH40: 2036.055 | AI40: 2404.43 | AJ40: 2101.033 | AK40: 1639.16 | AL40: 1897.511 | AM40: 1758.434 | AN40: 2082.195 | AO40: 2021.225 | AP40: 2000.643 | AQ40: 2095.994 | AR40: 1932.806 | AS40: 2081.82 | AT40: 1870.173 | AU40: 1860.479 | AV40: 2256.025 | AW40: 1845.293 | AX40: 1951.108 | AY40: 2145.281 | AZ40: 1880.669 | BA40: 1984.782 | BB40: 2214.56 | BC40: 2186.548 | BD40: 2139.9 | BE40: 2262.603 | BF40: 2499.326 | BG40: 2311.621 | BH40: 2432.46 | BI40: 2509.381 | BJ40: 2693.387 | BK40: 2777.724 | BL40: 3355.702 | BM40: 2929.779 | BN40: 2882.211 | BO40: 3489.698 | BP40: 3139.94 | BQ40: 3155.13 | BR40: 3336.777 | BS40: 3364.912 | BT40: 3409.716 | BU40: 3489 | BV40: 3358 | BW40: 3415.588 | BX40: 3644.589 | BY40: 3503 | BZ40: 3539 | CA40: 3757.355 | CB40: 3249 | CC40: 3668.21 | CD40: 3648 | CE40: 4009 | CF40: 3736 | CH40: 7316 | CI40: 7745 | CJ40: 7613 | CK40: 7576 | CL40: 7538 | CM40: 7835 | CN40: 7541 | CO40: 7784 | CP40: 7550
B41: Average grade in ore processed | C41: g/t | F41: 5.1225277 | G41: 5.0882475 | H41: 3.9789006 | I41: 3.7705574 | J41: 3.4336553 | K41: 3.4258005 | L41: 3.6011636 | M41: 3.631911 | N41: 3.1822684 | O41: 3.313392 | P41: 3.8 | Q41: 4.1 | R41: 3.92 | S41: 3.3969533 | T41: 3 | U41: 2.77 | V41: 3.96 | W41: 3.59 | Y41: 5.061397 | Z41: 5.3521502 | AA41: 4.8911542 | AB41: 5.2567466 | AC41: 5.1255464 | AD41: 6.4737636 | AE41: 4.7217827 | AF41: 4.1699753 | AG41: 3.7074499 | AH41: 3.9241257 | AI41: 4.5924834 | AJ41: 3.6315301 | AK41: 3.5958465 | AL41: 3.7524872 | AM41: 3.865031 | AN41: 3.8447781 | AO41: 3.4879754 | AP41: 3.2714947 | AQ41: 3.288098 | AR41: 3.7025492 | AS41: 3.3843947 | AT41: 3.5637395 | AU41: 3.392813 | AV41: 3.3768658 | AW41: 3.5653492 | AX41: 3.5128959 | AY41: 3.6116485 | AZ41: 3.7159177 | BA41: 3.7484546 | BB41: 3.5789236 | BC41: 3.5924598 | BD41: 3.6189627 | BE41: 3.3626981 | BF41: 3.3370561 | BG41: 3.0758835 | BH41: 2.9564954 | BI41: 2.9946286 | BJ41: 2.9258163 | BK41: 3.4317607 | BL41: 3.7648608 | BM41: 3.4526673 | BN41: 3.8426273 | BO41: 3.9324365 | BP41: 3.9401707 | BQ41: 4.1659437 | BR41: 4.0956082 | BS41: 4.12 | BT41: 4.0067258 | BU41: 3.7617098 | BV41: 4.03 | BW41: 4.0149299 | BX41: 3.88 | BY41: 3.2004678 | BZ41: 3.4747018 | CA41: 3.5596269 | CB41: 3.34 | CC41: 3.0200148 | CD41: 3.0340849 | CE41: 3.03 | CF41: 2.93 | CH41: 3.03 | CI41: 2.98 | CJ41: 2.37 | CK41: 3.18 | CL41: 4.09 | CM41: 3.83 | CN41: 3.51 | CO41: 3.66 | CP41: 2.39
B42: Recovery | C42: % | F42: 0.84935448 | G42: 0.82183299 | H42: 0.74265872 | I42: 0.6642177 | J42: 0.69117844 | K42: 0.73681682 | L42: 0.7360542 | M42: 0.76879659 | N42: 0.80054654 | O42: 0.8096997 | P42: 0.807 | Q42: 0.793 | R42: 0.824 | S42: 0.84549529 | T42: 0.84 | U42: 0.821 | V42: 0.834 | W42: 0.849 | Y42: 0.89916766 | Z42: 0.89140511 | AA42: 0.8255764 | AB42: 0.80789116 | AC42: 0.75947884 | AD42: 0.85430536 | AE42: 0.82541028 | AF42: 0.82821561 | AG42: 0.7802756 | AH42: 0.72655093 | AI42: 0.76667677 | AJ42: 0.67924673 | AK42: 0.63628021 | AL42: 0.6370256 | AM42: 0.70118668 | AN42: 0.67546715 | AO42: 0.69891979 | AP42: 0.72397048 | AQ42: 0.62523826 | AR42: 0.70637786 | AS42: 0.73728431 | AT42: 0.77701805 | AU42: 0.68258767 | AV42: 0.74324808 | AW42: 0.7406716 | AX42: 0.73752993 | AY42: 0.73084952 | AZ42: 0.73603027 | BA42: 0.76072564 | BB42: 0.77170912 | BC42: 0.77117025 | BD42: 0.77116188 | BE42: 0.7893373 | BF42: 0.80038561 | BG42: 0.81823248 | BH42: 0.79510616 | BI42: 0.80249632 | BJ42: 0.81341229 | BK42: 0.81735808 | BL42: 0.80589014 | BM42: 0.79886207 | BN42: 0.81278374 | BO42: 0.81411429 | BP42: 0.8018649 | BQ42: 0.8 | BR42: 0.79 | BS42: 0.792 | BT42: 0.788 | BU42: 0.80777126 | BV42: 0.821 | BW42: 0.82482018 | BX42: 0.839 | BY42: 0.84777183 | BZ42: 0.8542286 | CA42: 0.86123255 | CB42: 0.84942428 | CC42: 0.824952 | CD42: 0.838 | CE42: 0.84581531 | CF42: 0.851 | CH42: 0.831 | CI42: 0.848 | CJ42: 0.812 | CK42: 0.828 | CL42: 0.829 | CM42: 0.839 | CN42: 0.845 | CO42: 0.853 | CP42: 0.839
B43: Total Dore gold output | C43: koz | F43: 853.92514 | G43: 879.34667 | H43: 825.34529 | I43: 581.71875 | J43: 573.23382 | K43: 658.76234 | L43: 697.73671 | M43: 726.16101 | N43: 758.39551 | O43: 956.27064 | P43: 1176.6 | Q43: 1325.2828 | R43: 1385.8 | S43: 1229.3241 | T43: 1112.8 | U43: 1052.2 | V43: 1501.7 | W43: 1441.3 | Y43: 185.5236 | Z43: 187.53298 | AA43: 246.66324 | AB43: 234.20531 | AC43: 167.11138 | AD43: 293.18826 | AE43: 193.76803 | AF43: 225.279 | AG43: 214.61015 | AH43: 179.87046 | AI43: 271.61041 | AJ43: 159.25428 | AK43: 110.52198 | AL43: 149.99335 | AM43: 163.73957 | AN43: 157.46386 | AO43: 144.24969 | AP43: 148.87671 | AQ43: 113.15231 | AR43: 166.95511 | AS43: 175.37655 | AT43: 162.49734 | AU43: 128.20851 | AV43: 192.67995 | AW43: 161.49949 | AX43: 159.48056 | AY43: 180.56924 | AZ43: 196.18742 | BA43: 176.28378 | BB43: 185.32639 | BC43: 178.80425 | BD43: 185.74659 | BE43: 181.83549 | BF43: 204.22542 | BG43: 185.788 | BH43: 186.5466 | BI43: 179.46503 | BJ43: 206.14804 | BK43: 256.77488 | BL43: 313.88269 | BM43: 243.8 | BN43: 278.31095 | BO43: 347.44338 | BP43: 307.0512 | BQ43: 318.03988 | BR43: 340.58238 | BS43: 346.7 | BT43: 319.94285 | BU43: 348.20238 | BV43: 343.1 | BW43: 356.1 | BX43: 338.4 | BY43: 323.72728 | BZ43: 305 | CA43: 319.2 | CB43: 281.4 | CC43: 271.8155 | CD43: 279.5 | CE43: 293 | CF43: 268.5 | CH43: 551.3 | CI43: 561.5 | CJ43: 473.7 | CK43: 578.5 | CL43: 788.9 | CM43: 712.8 | CN43: 739.9 | CO43: 701.4 | CP43: 489.1
B44: Total refined gold output | C44: koz | F44: 861.07111 | G44: 872.81467 | H44: 839.19852 | I44: 585 | J44: 566 | K44: 653 | L44: 691.3 | M44: 725.5 | N44: 741.12293 | O44: 816.94752 | P44: 1007.3 | Q44: 1065.4 | R44: 1071.7 | S44: 1001.8 | T44: 1082.8 | U44: 959.7 | V44: 1075.6 | W44: 1265.7 | Y44: 175.19237 | Z44: 172.21109 | AA44: 258.92755 | AB44: 254.74011 | AC44: 137.99542 | AD44: 312.19704 | AE44: 192.46999 | AF44: 230.15223 | AG44: 193.61692 | AH44: 149.86808 | AI44: 283.88199 | AJ44: 211.83152 | AK44: 111 | AL44: 122 | AM44: 156 | AN44: 196 | AO44: 110.2 | AP44: 137.7 | AQ44: 158.4 | AR44: 159.7 | AS44: 156.6 | AT44: 161.8 | AU44: 133.2 | AV44: 201.4 | AW44: 156.6 | AX44: 151.6 | AY44: 185.8 | AZ44: 197.3 | BA44: 167 | BB44: 187.3 | BC44: 189.2 | BD44: 182 | BE44: 161.59117 | BF44: 194.91414 | BG44: 188.49139 | BH44: 196.12622 | BI44: 150.86987 | BJ44: 179.88041 | BK44: 213.93636 | BL44: 272.26088 | BM44: 219.10426 | BN44: 226.19027 | BO44: 264.09889 | BP44: 297.9 | BQ44: 213.1 | BR44: 276 | BS44: 283 | BT44: 293.3 | BU44: 248.3 | BV44: 282.7 | BW44: 239.9 | BX44: 300.8 | BY44: 215 | BZ44: 264 | CA44: 254.8 | CB44: 268 | CC44: 242.4 | CD44: 269.9 | CE44: 281.6 | CF44: 289 | CH44: 512.3 | CI44: 570.6 | CJ44: 427.7 | CK44: 532 | CL44: 568.1 | CM44: 507.5 | CN44: 600.1 | CO44: 665.6 | CP44: 495.7
B45: Gold contained in concentrate | C45: koz | F45: 0 | G45: 0 | H45: 0 | I45: 0 | J45: 0 | K45: 0 | L45: 2 | M45: 10 | N45: 18.910573 | O45: 126.44112 | P45: 170 | Q45: 256.3 | R45: 317.5 | S45: 198.01792 | T45: 29.8 | U45: 83.7 | V45: 419.5 | W45: 211 | Y45: 0 | Z45: 0 | AA45: 0 | AB45: 0 | AC45: 0 | AD45: 0 | AE45: 0 | AF45: 0 | AG45: 0 | AH45: 0 | AI45: 0 | AJ45: 0 | AK45: 0 | AL45: 0 | AM45: 0 | AN45: 0 | AO45: 0 | AP45: 0 | AQ45: 0 | AR45: 0 | AS45: 0 | AT45: 0 | AU45: 0 | AV45: 0 | AW45: 0 | AX45: 2 | AY45: 0 | AZ45: 0 | BA45: 0 | BB45: 0 | BC45: 0 | BD45: 10 | BE45: 0 | BF45: 5.8636295 | BG45: 10.294919 | BH45: 2.7520247 | BI45: 9.3530728 | BJ45: 22.726259 | BK45: 39.328301 | BL45: 55.033488 | BM45: 28.18051 | BN45: 33.018844 | BO45: 80.7 | BP45: 28.14752 | BQ45: 74.4 | BR45: 63.1 | BS45: 67.4 | BT45: 51.4 | BU45: 62.7 | BV45: 68.5 | BW45: 103 | BX45: 83.3 | BY45: 61.9 | BZ45: 44.1 | CA45: 70 | CB45: 22 | CC45: 22.714148 | CD45: 0.1 | CE45: 7 | CF45: 0 | CH45: 22.8 | CI45: 7 | CJ45: 4 | CK45: 79.7 | CL45: 221.2 | CM45: 198.3 | CN45: 139.5 | CO45: 71.5 | CP45: -0.5
B46: Gold payable in concentrate | C46: koz | F46: 0 | G46: 0 | H46: 0 | I46: 0 | J46: 0 | K46: 0 | L46: 1.52 | M46: 7.6 | N46: 14.372035 | O46: 96.095252 | P46: 119 | Q46: 189.7 | R46: 235.5 | S46: 153.6 | T46: 22.8 | U46: 70.5 | V46: 347.9 | W46: 176.4 | Y46: 0 | Z46: 0 | AA46: 0 | AB46: 0 | AC46: 0 | AD46: 0 | AE46: 0 | AF46: 0 | AG46: 0 | AH46: 0 | AI46: 0 | AJ46: 0 | AK46: 0 | AL46: 0 | AM46: 0 | AN46: 0 | AO46: 0 | AP46: 0 | AQ46: 0 | AR46: 0 | AS46: 0 | AT46: 0 | AU46: 0 | AV46: 0 | AW46: 0 | AX46: 1.52 | AY46: 0 | AZ46: 0 | BA46: 0 | BB46: 0 | BC46: 0 | BD46: 7.6 | BE46: 0 | BF46: 4.4563584 | BG46: 7.8241381 | BH46: 2.0915388 | BI46: 7.1083353 | BJ46: 17.271957 | BK46: 29.889509 | BL46: 41.825451 | BM46: 19.726357 | BN46: 23.11319 | BO46: 56.5 | BP46: 19.7 | BQ46: 55.1 | BR46: 46.7 | BS46: 49.8 | BT46: 38.1 | BU46: 46.5 | BV46: 50.8 | BW46: 76.4 | BX46: 61.8 | BY46: 48.5 | BZ46: 32.4 | CA46: 55.5 | CB46: 17.2 | CC46: 17.4 | CD46: 0 | CE46: 5.4 | CF46: 0 | CH46: 17.4 | CI46: 5.4 | CJ46: 3.1 | CK46: 64.7 | CL46: 184.6 | CM46: 163.3 | CN46: 116.4 | CO46: 60 | CP46: -0.4
B47: Total gold produced | C47: koz | F47: 861.07111 | G47: 872.81467 | H47: 839.19852 | I47: 585 | J47: 566 | K47: 653 | L47: 693.3 | M47: 735.5 | N47: 760.03351 | O47: 943.38864 | P47: 1177.3 | Q47: 1321.7 | R47: 1389.2 | S47: 1199.8 | T47: 1112.7 | U47: 1043.4 | V47: 1495.1 | W47: 1476.7 | Y47: 175.19237 | Z47: 172.21109 | AA47: 258.92755 | AB47: 254.74011 | AC47: 137.99542 | AD47: 312.19704 | AE47: 192.46999 | AF47: 230.15223 | AG47: 193.61692 | AH47: 149.86808 | AI47: 283.88199 | AJ47: 211.83152 | AK47: 111 | AL47: 122 | AM47: 156 | AN47: 196 | AO47: 110.2 | AP47: 137.7 | AQ47: 158.4 | AR47: 159.7 | AS47: 156.6 | AT47: 161.8 | AU47: 133.2 | AV47: 201.4 | AW47: 156.6 | AX47: 153.6 | AY47: 185.8 | AZ47: 197.3 | BA47: 167 | BB47: 187.3 | BC47: 189.2 | BD47: 192 | BE47: 161.59117 | BF47: 200.77777 | BG47: 198.78631 | BH47: 198.87825 | BI47: 160.22294 | BJ47: 202.60667 | BK47: 253.26466 | BL47: 327.29437 | BM47: 247.28477 | BN47: 259.20912 | BO47: 344.79889 | BP47: 326 | BQ47: 287.5 | BR47: 339.1 | BS47: 350.4 | BT47: 344.7 | BU47: 311 | BV47: 351.2 | BW47: 342.9 | BX47: 384.1 | BY47: 276.93543 | BZ47: 308.1 | CA47: 324.8 | CB47: 290 | CC47: 265.13838 | CD47: 270 | CE47: 288.6 | CF47: 289 | CH47: 535.1 | CI47: 577.6 | CJ47: 431.7 | CK47: 611.7 | CL47: 789.3 | CM47: 705.8 | CN47: 739.6 | CO47: 737.1 | CP47: 495.2
B50: BLAGODATNOYE
B52: Mining
B53: Total rock moved | C53: 000 m3 | F53: 0 | G53: 1660.1 | H53: 7740 | I53: 11148.009 | J53: 13522.399 | K53: 15355.086 | L53: 13320.971 | M53: 14695.74 | N53: 16432.641 | O53: 17635.607 | P53: 27276.641 | Q53: 28058.289 | R53: 24433.258 | S53: 23519 | T53: 28119 | U53: 28538 | V53: 23333 | W53: 35363 | Y53: 0 | Z53: 0 | AA53: 0 | AB53: 0 | AC53: 0 | AD53: 51.7 | AE53: 735.6 | AF53: 872.8 | AG53: 1545.3 | AH53: 611.1 | AI53: 1206.8 | AJ53: 4376.8 | AK53: 2348.7 | AL53: 2683 | AM53: 3520.209 | AN53: 2596.1 | AO53: 3211.3 | AP53: 3296.899 | AQ53: 3460.8 | AR53: 3553.4 | AS53: 3815.2238 | AT53: 3851.8 | AU53: 3850.447 | AV53: 3837.615 | AW53: 3271.94 | AX53: 3287.2486 | AY53: 3365.7624 | AZ53: 3396.0204 | BA53: 3492.924 | BB53: 3720.7108 | BC53: 3822.6752 | BD53: 3659.43 | BE53: 3581.3588 | BF53: 4323.5638 | BG53: 4304.0468 | BH53: 4223.672 | BI53: 3853.4752 | BJ53: 4324.4689 | BK53: 5125.0464 | BL53: 4332.6166 | BM53: 6180.2232 | BN53: 6391.6672 | BO53: 7371.4285 | BP53: 7333.322 | BQ53: 6931.9 | BR53: 7110.2661 | BS53: 7478.3228 | BT53: 6537.8 | BU53: 6139.684 | BV53: 5887.0776 | BW53: 6382.1232 | BX53: 6024.3731 | BY53: 5986.5 | BZ53: 5704.3 | CA53: 5914.2 | CB53: 5914 | CC53: 6085.3 | CD53: 7179.9 | CE53: 7550.1 | CF53: 7304 | CH53: 13265 | CI53: 14854 | CJ53: 14187 | CK53: 14351 | CL53: 11646 | CM53: 11687 | CN53: 16340 | CO53: 19023 | CP53: 20554
B54: Stripping | C54: 000 m3 | F54: 0 | G54: 1660.1 | H54: 7519.2 | I54: 9109.1 | J54: 11187.21 | K54: 13040.4 | L54: 10851.029 | M54: 12027.537 | N54: 13678.541 | O54: 13491.35 | P54: 22665.446 | Q54: 25464.594 | R54: 19127.567 | S54: 17554.475 | T54: 21311 | U54: 24560 | V54: 17261 | W54: 25501 | Y54: 0 | Z54: 0 | AA54: 0 | AB54: 0 | AC54: 0 | AD54: 51.7 | AE54: 735.6 | AF54: 872.8 | AG54: 1545.3 | AH54: 611.1 | AI54: 1119.1 | AJ54: 4243.7 | AK54: 1987.4 | AL54: 2191.8 | AM54: 2941.3 | AN54: 1988.6 | AO54: 2560 | AP54: 2641.2 | AQ54: 2964.2 | AR54: 3021.81 | AS54: 3251.8 | AT54: 3274.1 | AU54: 3257.2 | AV54: 3257.3 | AW54: 2663.04 | AX54: 2630.5836 | AY54: 2738.91 | AZ54: 2818.4952 | BA54: 2785.2832 | BB54: 3092.1536 | BC54: 3172.1 | BD54: 2978 | BE54: 2963.5 | BF54: 3561 | BG54: 3634.3908 | BH54: 3519.65 | BI54: 2819.06 | BJ54: 3275.9 | BK54: 4077.0476 | BL54: 3319.3424 | BM54: 5123.1484 | BN54: 5369.2624 | BO54: 6121.6565 | BP54: 6051.3792 | BQ54: 6123.778 | BR54: 6587.9711 | BS54: 6933.3092 | BT54: 5819.5354 | BU54: 5336.413 | BV54: 4947.8135 | BW54: 4784.4183 | BX54: 4058.9223 | BY54: 4205.8327 | BZ54: 4422.2191 | CA54: 4581.5045 | CB54: 4344 | CC54: 4501.5817 | CD54: 5607.925 | CE54: 5602 | CF54: 5599 | CH54: 10110 | CI54: 11201 | CJ54: 12394 | CK54: 12166 | CL54: 9484 | CM54: 7777 | CN54: 11277 | CO54: 14224 | CP54: 19671
B55: Stripping ratio | C55: m3/t | F55: 0 | G55: 0 | H55: 12.645812 | I55: 1.6375877 | J55: 1.7265154 | K55: 2.01781 | L55: 1.5863093 | M55: 1.6271663 | N55: 1.7932979 | O55: 1.1716246 | P55: 1.7661846 | Q55: 3.5515282 | R55: 1.3074262 | S55: 1.0511239 | T55: 1.1 | U55: 2.2 | V55: 1 | W55: 0.9 | Y55: 0 | Z55: 0 | AA55: 0 | AB55: 0 | AC55: 0 | AD55: 0 | AE55: 0 | AF55: 0 | AG55: 0 | AH55: 0 | AI55: 4.752017 | AJ55: 11.8176 | AK55: 2.0371054 | AL55: 1.6524925 | AM55: 1.8520509 | AN55: 1.1890554 | AO55: 1.4239943 | AP55: 1.4545957 | AQ55: 2.1443129 | AR55: 2.0365755 | AS55: 2.0611408 | AT55: 2.027432 | AU55: 1.9694074 | AV55: 2.0154297 | AW55: 1.5762483 | AX55: 1.4502489 | AY55: 1.5727665 | AZ55: 1.7664171 | BA55: 1.417245 | BB55: 1.7805073 | BC55: 1.7539409 | BD55: 1.5830309 | BE55: 1.7361782 | BF55: 1.6829241 | BG55: 1.9598848 | BH55: 1.8046433 | BI55: 0.98102508 | BJ55: 1.1250133 | BK55: 1.4022923 | BL55: 1.1761544 | BM55: 1.7397186 | BN55: 1.8892696 | BO55: 1.7605886 | BP55: 1.6955141 | BQ55: 2.7321608 | BR55: 4.5589252 | BS55: 4.5878601 | BT55: 2.9505295 | BU55: 2.4089608 | BV55: 1.9180255 | BW55: 1.0893177 | BX55: 0.74572203 | BY55: 0.84355069 | BZ55: 1.2318755 | CA55: 1.2277761 | CB55: 0.9889583 | CC55: 1.0151475 | CD55: 1.2740853 | CE55: 1.0275535 | CF55: 1.2 | CH55: 1.1 | CI55: 1.1 | CJ55: 2.5 | CK55: 2 | CL55: 1.6 | CM55: 0.7 | CN55: 0.8 | CO55: 1.1 | CP55: 8
B56: Ore mined | C56: kT | F56: 0 | G56: 0 | H56: 594.6 | I56: 5562.5113 | J56: 6479.6467 | K56: 6462.65 | L56: 6840.4243 | M56: 7391.7072 | N56: 7627.59 | O56: 11515.079 | P56: 12833 | Q56: 7170.0384 | R56: 14629.94 | S56: 16700.671 | T56: 19061 | U56: 11140 | V56: 17000 | W56: 27613 | Y56: 0 | Z56: 0 | AA56: 0 | AB56: 0 | AC56: 0 | AD56: 0 | AE56: 0 | AF56: 0 | AG56: 0 | AH56: 0 | AI56: 235.5 | AJ56: 359.1 | AK56: 975.6 | AL56: 1326.36 | AM56: 1588.1313 | AN56: 1672.42 | AO56: 1797.76 | AP56: 1815.7623 | AQ56: 1382.3542 | AR56: 1483.7702 | AS56: 1577.67 | AT56: 1614.9 | AU56: 1653.8986 | AV56: 1616.1814 | AW56: 1689.48 | AX56: 1813.8843 | AY56: 1741.46 | AZ56: 1595.6 | BA56: 1965.28 | BB56: 1736.67 | BC56: 1808.5558 | BD56: 1881.2014 | BE56: 1706.91 | BF56: 2115.96 | BG56: 1854.39 | BH56: 1950.33 | BI56: 2873.5861 | BJ56: 2911.8767 | BK56: 2907.4165 | BL56: 2822.1996 | BM56: 2944.8144 | BN56: 2841.9778 | BO56: 3477.0511 | BP56: 3569.0528 | BQ56: 2241.368 | BR56: 1445.0711 | BS56: 1512 | BT56: 1972.3698 | BU56: 2215.2345 | BV56: 2579.6391 | BW56: 4392.124 | BX56: 5442.9427 | BY56: 4985.8684 | BZ56: 3589.8265 | CA56: 3731 | CB56: 4394 | CC56: 4434.4112 | CD56: 4401.5301 | CE56: 5452 | CF56: 4773 | CH56: 8836 | CI56: 10225 | CJ56: 5022 | CK56: 6118 | CL56: 6052 | CM56: 10948 | CN56: 14177 | CO56: 13436 | CP56: 2472
B57: Average grade in ore mined | C57: g/t | F57: 0 | G57: 0 | H57: 2.146485 | I57: 1.991978 | J57: 2.0775633 | K57: 2.1092849 | L57: 2.0745511 | M57: 1.9961464 | N57: 1.9696313 | O57: 2.0059252 | P57: 1.94 | Q57: 1.5959152 | R57: 1.1815028 | S57: 1.2888716 | T57: 1.35 | U57: 1.19 | V57: 1.21 | W57: 1.42 | Y57: 0 | Z57: 0 | AA57: 0 | AB57: 0 | AC57: 0 | AD57: 0 | AE57: 0 | AF57: 0 | AG57: 0 | AH57: 0 | AI57: 2.2955414 | AJ57: 2.0487329 | AK57: 2.101886 | AL57: 1.9241382 | AM57: 1.9617396 | AN57: 2.0103802 | AO57: 2.0257687 | AP57: 2.0961004 | AQ57: 2.1341274 | AR57: 2.0649357 | AS57: 2.0872489 | AT57: 2.0688959 | AU57: 2.0767114 | AV57: 2.2044865 | AW57: 2.148815 | AX57: 2.0391157 | AY57: 2.0369001 | AZ57: 2.0772938 | BA57: 1.9864701 | BB57: 2.0110959 | BC57: 1.9606473 | BD57: 2.0265825 | BE57: 1.8376306 | BF57: 2.0059689 | BG57: 2.0049504 | BH57: 2.0121518 | BI57: 1.999585 | BJ57: 2.0065321 | BK57: 2.0118088 | BL57: 2.0056936 | BM57: 2.0014167 | BN57: 1.9502655 | BO57: 1.9006649 | BP57: 1.9027695 | BQ57: 1.6753025 | BR57: 1.5854642 | BS57: 1.54 | BT57: 1.5577297 | BU57: 1.2035115 | BV57: 1.343108 | BW57: 1.1687677 | BX57: 1.1062305 | BY57: 1.23 | BZ57: 1.32 | CA57: 1.3127076 | CB57: 1.3032743 | CC57: 1.1856412 | CD57: 1.4757866 | CE57: 1.4230684 | CF57: 1.32 | CH57: 1.33 | CI57: 1.38 | CJ57: 1.06 | CK57: 1.29 | CL57: 1.21 | CM57: 1.22 | CN57: 1.4 | CO57: 1.45 | CP57: 1.1
B59: Processing
B60: Ore processed | C60: kT | F60: 0 | G60: 0 | H60: 483.989 | I60: 5362.542 | J60: 6505.073 | K60: 6498.744 | L60: 6754.855 | M60: 7250.714 | N60: 7512.334 | O60: 7753.342 | P60: 8161 | Q60: 8718.656 | R60: 9005.072 | S60: 8788.087 | T60: 9017 | U60: 9034 | V60: 9090 | W60: 8735 | Y60: 0 | Z60: 0 | AA60: 0 | AB60: 0 | AC60: 0 | AD60: 0 | AE60: 0 | AF60: 0 | AG60: 0 | AH60: 0 | AI60: 0 | AJ60: 483.989 | AK60: 903.791 | AL60: 1346.285 | AM60: 1619.09 | AN60: 1493.376 | AO60: 1608.136 | AP60: 1419.404 | AQ60: 1684.558 | AR60: 1792.975 | AS60: 1596.259 | AT60: 1517.186 | AU60: 1734.337 | AV60: 1650.962 | AW60: 1616.357 | AX60: 1757.246 | AY60: 1700.218 | AZ60: 1681.034 | BA60: 1897.075 | BB60: 1725.48 | BC60: 1800.09 | BD60: 1828.069 | BE60: 1919.516 | BF60: 1607.356 | BG60: 2002.534 | BH60: 1982.928 | BI60: 1839.654 | BJ60: 1981.992 | BK60: 2080.122 | BL60: 1851.574 | BM60: 1977 | BN60: 2105 | BO60: 1880.411 | BP60: 2199 | BQ60: 2040.163 | BR60: 2195.316 | BS60: 2349 | BT60: 2134.628 | BU60: 2282.023 | BV60: 2321.895 | BW60: 2061.049 | BX60: 2340.105 | BY60: 2187.904 | BZ60: 2254.3 | CA60: 2335.538 | CB60: 2010.345 | CC60: 2191.568 | CD60: 2283.165 | CE60: 2194.429 | CF60: 2348 | CH60: 4475 | CI60: 4542 | CJ60: 4419 | CK60: 4615 | CL60: 4539 | CM60: 4551 | CN60: 4579 | CO60: 4156 | CP60: 4523
B61: Average grade in ore processed | C61: g/t | F61: 0 | G61: 0 | H61: 2.1132536 | I61: 1.9779674 | J61: 2.0948169 | K61: 2.1339916 | L61: 2.0484731 | M61: 1.9574955 | N61: 1.9928154 | O61: 2.0685469 | P61: 1.99 | Q61: 1.6966141 | R61: 1.67 | S61: 1.8153453 | T61: 1.75 | U61: 1.54 | V61: 1.66 | W61: 2 | Y61: 0 | Z61: 0 | AA61: 0 | AB61: 0 | AC61: 0 | AD61: 0 | AE61: 0 | AF61: 0 | AG61: 0 | AH61: 0 | AI61: 0 | AJ61: 2.1132536 | AK61: 1.9351629 | AL61: 1.9322138 | AM61: 1.9982165 | AN61: 2.023166 | AO61: 2.1086824 | AP61: 2.1136106 | AQ61: 2.0886584 | AR61: 2.0732889 | AS61: 2.0529172 | AT61: 2.1525508 | AU61: 2.1428927 | AV61: 2.1859739 | AW61: 2.0738751 | AX61: 2.1092135 | AY61: 1.9859657 | AZ61: 2.0237748 | BA61: 1.825479 | BB61: 1.9550028 | BC61: 1.9813274 | BD61: 2.0733812 | BE61: 1.8525278 | BF61: 2.0294502 | BG61: 2.0352512 | BH61: 2.0560654 | BI61: 2.0733649 | BJ61: 2.0495761 | BK61: 2.0849273 | BL61: 2.0656646 | BM61: 2.0098533 | BN61: 1.9648629 | BO61: 1.933413 | BP61: 2.0642544 | BQ61: 1.7385638 | BR61: 1.6384711 | BS61: 1.66 | BT61: 1.7618571 | BU61: 1.5704166 | BV61: 1.6127383 | BW61: 1.7249043 | BX61: 1.7720837 | BY61: 1.7566986 | BZ61: 1.8024189 | CA61: 1.7973481 | CB61: 1.9145753 | CC61: 1.6500907 | CD61: 1.7979944 | CE61: 1.8100039 | CF61: 1.75 | CH61: 1.73 | CI61: 1.78 | CJ61: 1.48 | CK61: 1.59 | CL61: 1.61 | CM61: 1.72 | CN61: 2.06 | CO61: 1.93 | CP61: 1.81
B62: Recovery | C62: % | F62: 0 | G62: 0 | H62: 0.57578086 | I62: 0.76728403 | J62: 0.84506232 | K62: 0.8644043 | L62: 0.88228652 | M62: 0.87936893 | N62: 0.87895163 | O62: 0.87952087 | P62: 0.878 | Q62: 0.875 | R62: 0.878 | S62: 0.88425129 | T62: 0.868 | U62: 0.863 | V62: 0.869 | W62: 0.871 | Y62: 0 | Z62: 0 | AA62: 0 | AB62: 0 | AC62: 0 | AD62: 0 | AE62: 0 | AF62: 0 | AG62: 0 | AH62: 0 | AI62: 0 | AJ62: 0.57578086 | AK62: 0.6557956 | AL62: 0.76781546 | AM62: 0.771931 | AN62: 0.81152691 | AO62: 0.84457831 | AP62: 0.8633381 | AQ62: 0.84768145 | AR62: 0.82705914 | AS62: 0.85498765 | AT62: 0.85870533 | AU62: 0.87962197 | AV62: 0.8618355 | AW62: 0.87130328 | AX62: 0.88843265 | AY62: 0.87843482 | AZ62: 0.8902355 | BA62: 0.87330365 | BB62: 0.87689166 | BC62: 0.88513284 | BD62: 0.88169166 | BE62: 0.87049803 | BF62: 0.86358911 | BG62: 0.8837638 | BH62: 0.89380588 | BI62: 0.88686366 | BJ62: 0.8758757 | BK62: 0.87702672 | BL62: 0.87889781 | BM62: 0.88380759 | BN62: 0.87333867 | BO62: 0.88 | BP62: 0.87716768 | BQ62: 0.872 | BR62: 0.873 | BS62: 0.877 | BT62: 0.877 | BU62: 0.875 | BV62: 0.875 | BW62: 0.87723294 | BX62: 0.885 | BY62: 0.88655958 | BZ62: 0.88516991 | CA62: 0.87914323 | CB62: 0.88654752 | CC62: 0.86229076 | CD62: 0.86969207 | CE62: 0.87160183 | CF62: 0.869 | CH62: 0.866 | CI62: 0.87 | CJ62: 0.86 | CK62: 0.865 | CL62: 0.865 | CM62: 0.873 | CN62: 0.873 | CO62: 0.868 | CP62: 0.854
B63: Total Dore gold output | C63: koz | F63: 0 | G63: 0 | H63: 16.316726 | I63: 251.52926 | J63: 367.83409 | K63: 392.83381 | L63: 396.45508 | M63: 402.68028 | N63: 420.98407 | O63: 455.01701 | P63: 457.6 | Q63: 417.28747 | R63: 421.16533 | S63: 457.26355 | T63: 438.9 | U63: 382.4 | V63: 402.1 | W63: 499.8 | Y63: 0 | Z63: 0 | AA63: 0 | AB63: 0 | AC63: 0 | AD63: 0 | AE63: 0 | AF63: 0 | AG63: 0 | AH63: 0 | AI63: 0 | AJ63: 16.316726 | AK63: 28.563765 | AL63: 60.921225 | AM63: 82.900629 | AN63: 79.143638 | AO63: 94.267937 | AP63: 85.842628 | AQ63: 93.459002 | AR63: 94.264526 | AS63: 93.566421 | AT63: 90.734776 | AU63: 111.15202 | AV63: 97.380593 | AW63: 97.461655 | AX63: 104.37913 | AY63: 94.504744 | AZ63: 100.10955 | BA63: 96.118437 | BB63: 96.358133 | BC63: 101.0093 | BD63: 109.19441 | BE63: 94.55341 | BF63: 94.705567 | BG63: 115.41948 | BH63: 116.30562 | BI63: 109.89199 | BJ63: 114.98821 | BK63: 121.29223 | BL63: 108.84458 | BM63: 111.21881 | BN63: 117.28561 | BO63: 103.4 | BP63: 125.66096 | BQ63: 100 | BR63: 101.66602 | BS63: 111.1 | BT63: 104.47514 | BU63: 101.20263 | BV63: 104.4 | BW63: 101.0625 | BX63: 114.5 | BY63: 112.97896 | BZ63: 115.8 | CA63: 118.8574 | CB63: 109.5733 | CC63: 100.4 | CD63: 115.7566 | CE63: 109.5 | CF63: 113.2 | CH63: 216.2 | CI63: 222.7 | CJ63: 178.6 | CK63: 203.8 | CL63: 199.6 | CM63: 202.5 | CN63: 279.2 | CO63: 220.6 | CP63: 223.9
B64: Total refined gold output | C64: koz | F64: 0 | G64: 0 | H64: 0 | I64: 253 | J64: 363.1 | K64: 401.4 | L64: 395.4 | M64: 394.3 | N64: 424.58811 | O64: 456.51799 | P64: 456.7 | Q64: 415.77619 | R64: 420.81238 | S64: 455.40571 | T64: 430.3 | U64: 387.8 | V64: 394.4 | W64: 500.3 | Y64: 0 | Z64: 0 | AA64: 0 | AB64: 0 | AC64: 0 | AD64: 0 | AE64: 0 | AF64: 0 | AG64: 0 | AH64: 0 | AI64: 0 | AJ64: 0 | AK64: 29 | AL64: 51 | AM64: 79 | AN64: 94 | AO64: 72.072599 | AP64: 80.227401 | AQ64: 117.6 | AR64: 93.2 | AS64: 83.6 | AT64: 90.3 | AU64: 116.4 | AV64: 111.1 | AW64: 86.5 | AX64: 108.4 | AY64: 89.2 | AZ64: 111.3 | BA64: 80.6 | BB64: 104.1 | BC64: 94.6 | BD64: 115 | BE64: 91.556485 | BF64: 94.580179 | BG64: 111.73603 | BH64: 126.71542 | BI64: 100.20096 | BJ64: 120.75498 | BK64: 115.89033 | BL64: 119.67173 | BM64: 108.21806 | BN64: 105.79069 | BO64: 116 | BP64: 126.7 | BQ64: 91.4 | BR64: 102.02741 | BS64: 110.1 | BT64: 112.25642 | BU64: 93.99983 | BV64: 104.1 | BW64: 96.448728 | BX64: 126.2 | BY64: 103.35289 | BZ64: 116.3 | CA64: 118.27336 | CB64: 117.41179 | CC64: 92.430404 | CD64: 117.40423 | CE64: 108.5 | CF64: 112 | CH64: 209.8 | CI64: 220.5 | CJ64: 171.3 | CK64: 216.5 | CL64: 199.7 | CM64: 194.7 | CN64: 279.3 | CO64: 221 | CP64: 234.2
B67: TITIMUKHTA
B69: Mining
B70: Total rock moved | C70: 000 m3 | F70: 0 | G70: 2848.9 | H70: 5002.6 | I70: 8072.5 | J70: 10374.3 | K70: 10210.94 | L70: 10194.995 | M70: 9639.599 | N70: 5091.53 | O70: 383.1 | P70: 155.3 | Q70: 16.482097 | R70: 4.2 | S70: - | T70: - | U70: - | V70: - | W70: - | Y70: 0 | Z70: 0 | AA70: 0 | AB70: 0 | AC70: 410.5 | AD70: 731.2 | AE70: 809.1 | AF70: 898.1 | AG70: 1361.7 | AH70: 1846.5 | AI70: 1271.3 | AJ70: 523.1 | AK70: 1369 | AL70: 2201.4 | AM70: 2393.1 | AN70: 2109 | AO70: 2484.3 | AP70: 2617.7 | AQ70: 2649.5 | AR70: 2622.8 | AS70: 2530.5 | AT70: 2603.2 | AU70: 2544.34 | AV70: 2532.9 | AW70: 2508.9 | AX70: 2510.33 | AY70: 2636.395 | AZ70: 2539.37 | BA70: 2509.3 | BB70: 2547.57 | BC70: 2534.84 | BD70: 2047.889 | BE70: 1893.9 | BF70: 1245.9 | BG70: 1087.2 | BH70: 864.53 | BI70: 378.1 | BJ70: 0 | BK70: 0 | BL70: 5 | BM70: 17.4 | BN70: 9.2 | BO70: 128.7 | BP70: 0 | BQ70: 11.6 | BR70: 4.2820969 | BS70: 0 | BT70: 0.6 | BU70: 0 | BV70: 2.1 | BW70: 0 | BX70: 2.1 | BY70: - | BZ70: - | CA70: - | CB70: - | CC70: 0 | CD70: 0 | CE70: 0 | CF70: 0 | CH70: 0 | CI70: 0 | CJ70: 0 | CK70: 0 | CL70: 0 | CM70: 0 | CN70: 0 | CO70: 0 | CP70: 0
B71: Stripping | C71: 000 m3 | F71: 0 | G71: 2755 | H71: 4295.6 | I71: 7132.31 | J71: 9511.27 | K71: 9328.2391 | L71: 9280.2912 | M71: 8824.435 | N71: 3918.6414 | O71: 233.41782 | P71: 107.76352 | Q71: 6.6144 | R71: 3.551084 | S71: - | T71: - | U71: - | V71: - | W71: - | Y71: 0 | Z71: 0 | AA71: 0 | AB71: 0 | AC71: 410.5 | AD71: 731.2 | AE71: 741.3 | AF71: 872 | AG71: 1220.4 | AH71: 1595 | AI71: 1085.5 | AJ71: 394.7 | AK71: 1170.8 | AL71: 1958.6 | AM71: 2126.07 | AN71: 1876.84 | AO71: 2277.54 | AP71: 2395.28 | AQ71: 2432.53 | AR71: 2405.92 | AS71: 2301.0091 | AT71: 2373.04 | AU71: 2314.66 | AV71: 2339.53 | AW71: 2286.02 | AX71: 2280.963 | AY71: 2405.0118 | AZ71: 2308.2964 | BA71: 2320.91 | BB71: 2350.46 | BC71: 2312.295 | BD71: 1840.77 | BE71: 1660.9867 | BF71: 892.06544 | BG71: 805.92584 | BH71: 559.66341 | BI71: 228.41782 | BJ71: 0 | BK71: 0 | BL71: 5 | BM71: 14.505824 | BN71: 2.85 | BO71: 90.4077 | BP71: 0 | BQ71: 5 | BR71: 1.0144 | BS71: 0 | BT71: 0.6 | BU71: 0 | BV71: 1.451084 | BW71: 0 | BX71: 2.1 | BY71: - | BZ71: - | CA71: - | CB71: - | CC71: 0 | CD71: 0 | CE71: 0 | CF71: 0 | CH71: 0 | CI71: 0 | CJ71: 0 | CK71: 0 | CL71: 0 | CM71: 0 | CN71: 0 | CO71: 0 | CP71: 0
B72: Stripping ratio | C72: m3/t | F72: 0 | G72: 13.038334 | H72: 2.6548826 | I72: 3.0415208 | J72: 4.0871401 | K72: 3.8511551 | L72: 3.6914822 | M72: 3.9362553 | N72: 1.2149206 | O72: 0.56707384 | P72: 0.82421398 | Q72: 0.24378653 | R72: 1.989939 | S72: 0 | T72: 0 | U72: 0 | V72: 0 | W72: 0 | Y72: 0 | Z72: 0 | AA72: 0 | AB72: 0 | AC72: 0 | AD72: 0 | AE72: 4.8577982 | AF72: 14.855196 | AG72: 3.8377358 | AH72: 2.8185192 | AI72: 2.5686228 | AJ72: 1.2670947 | AK72: 2.5524308 | AL72: 3.244058 | AM72: 3.1283378 | AN72: 3.112943 | AO72: 4.0365454 | AP72: 4.1007345 | AQ72: 4.1640603 | AR72: 4.0462254 | AS72: 3.6457405 | AT72: 3.7752544 | AU72: 3.6702185 | AV72: 4.3992253 | AW72: 3.7344115 | AX72: 3.6175085 | AY72: 3.7826546 | AZ72: 3.6323095 | BA72: 4.4799158 | BB72: 4.3351224 | BC72: 3.7782598 | BD72: 3.2318308 | BE72: 2.5932657 | BF72: 0.91678188 | BG72: 1.0419075 | BH72: 0.66755338 | BI72: 0.55492665 | BJ72: 0 | BK72: 0 | BL72: 0 | BM72: 1.8225725 | BN72: 0.16320685 | BO72: 0.85836448 | BP72: 0 | BQ72: 0.27554635 | BR72: 0.11288462 | BS72: 0 | BT72: 0 | BU72: 0 | BV72: 0.81315133 | BW72: 0 | BX72: 0 | BY72: 0 | BZ72: 0 | CA72: 0 | CB72: 0 | CC72: 0 | CD72: 0 | CE72: 0 | CF72: 0 | CH72: 0 | CI72: 0 | CJ72: 0 | CK72: 0 | CL72: 0 | CM72: 0 | CN72: 0 | CO72: 0 | CP72: 0
B73: Ore mined | C73: kT | F73: 0 | G73: 211.3 | H73: 1618 | I73: 2344.9815 | J73: 2327.1211 | K73: 2422.1925 | L73: 2513.9743 | M73: 2241.835 | N73: 3225.43 | O73: 411.61803 | P73: 130.74702 | Q73: 27.131934 | R73: 1.784519 | S73: 0 | T73: 0 | U73: 0 | V73: 0 | W73: 0 | Y73: 0 | Z73: 0 | AA73: 0 | AB73: 0 | AC73: 0 | AD73: 0 | AE73: 152.6 | AF73: 58.7 | AG73: 318 | AH73: 565.9 | AI73: 422.6 | AJ73: 311.5 | AK73: 458.7 | AL73: 603.75 | AM73: 679.6165 | AN73: 602.915 | AO73: 564.23 | AP73: 584.11 | AQ73: 584.17261 | AR73: 594.6085 | AS73: 631.15 | AT73: 628.5775 | AU73: 630.66 | AV73: 531.805 | AW73: 612.15 | AX73: 630.53425 | AY73: 635.8 | AZ73: 635.49 | BA73: 518.07 | BB73: 542.19 | BC73: 612 | BD73: 569.575 | BE73: 640.5 | BF73: 973.04 | BG73: 773.51 | BH73: 838.38 | BI73: 411.61803 | BJ73: 0 | BK73: 0 | BL73: 0 | BM73: 7.9589835 | BN73: 17.462502 | BO73: 105.32554 | BP73: 0 | BQ73: 18.145767 | BR73: 8.9861665 | BS73: 0 | BT73: 0 | BU73: 0 | BV73: 1.784519 | BW73: 0 | BX73: 0 | BY73: 0 | BZ73: 0 | CA73: 0 | CB73: 0 | CC73: 0 | CD73: 0 | CE73: 0 | CF73: 0 | CH73: 0 | CI73: 0 | CJ73: 0 | CK73: 0 | CL73: 0 | CM73: 0 | CN73: 0 | CO73: 0 | CP73: 0
B74: Average grade in ore mined | C74: g/t | F74: 0 | G74: 1.4907714 | H74: 2.1080964 | I74: 1.9965616 | J74: 2.0734633 | K74: 2.0554436 | L74: 2.0150127 | M74: 1.6626692 | N74: 1.5821177 | O74: 1.6089775 | P74: 1.62 | Q74: 1.6226075 | R74: 1.8515369 | S74: 0 | T74: 0 | U74: 0 | V74: 0 | W74: 0 | Y74: 0 | Z74: 0 | AA74: 0 | AB74: 0 | AC74: 0 | AD74: 0 | AE74: 1.3820446 | AF74: 1.7734242 | AG74: 2.1726415 | AH74: 2.2880368 | AI74: 2.0009465 | AJ74: 1.8606742 | AK74: 2.263789 | AL74: 1.8216149 | AM74: 1.939329 | AN74: 2.0329566 | AO74: 2.1032382 | AP74: 2.0596121 | AQ74: 2.0740959 | AR74: 2.0581946 | AS74: 2.0580844 | AT74: 2.0601915 | AU74: 2.0335046 | AV74: 2.0727146 | AW74: 2.0521768 | AX74: 2.037653 | AY74: 2.0247877 | AZ74: 1.9469701 | BA74: 1.6446619 | BB74: 1.7753739 | BC74: 1.6361438 | BD74: 1.6002634 | BE74: 1.5991569 | BF74: 1.5806442 | BG74: 1.5727398 | BH74: 1.5794628 | BI74: 1.6089775 | BJ74: 0 | BK74: 0 | BL74: 0 | BM74: 1.5071689 | BN74: 1.5693596 | BO74: 1.6386046 | BP74: 0 | BQ74: 1.6187425 | BR74: 1.6304123 | BS74: 0 | BT74: 0 | BU74: 0 | BV74: 1.8515369 | BW74: 0 | BX74: 0 | BY74: 0 | BZ74: 0 | CA74: 0 | CB74: 0 | CC74: 0 | CD74: 0 | CE74: 0 | CF74: 0 | CH74: 0 | CI74: 0 | CJ74: 0 | CK74: 0 | CL74: 0 | CM74: 0 | CN74: 0 | CO74: 0 | CP74: 0
B76: Processing
B77: Ore processed | C77: kT | F77: 0 | G77: 0 | H77: 602.004 | I77: 1557.179 | J77: 1919.81 | K77: 2131.46 | L77: 2466.006 | M77: 1977.82 | N77: 1514.525 | O77: 500.028 | P77: 0 | Q77: 0 | R77: 0 | S77: - | T77: - | U77: - | V77: - | W77: - | Y77: 0 | Z77: 0 | AA77: 0 | AB77: 0 | AC77: 0 | AD77: 0 | AE77: 0 | AF77: 0 | AG77: 0 | AH77: 231.75 | AI77: 36.571 | AJ77: 333.683 | AK77: 404.179 | AL77: 355.316 | AM77: 423.684 | AN77: 374 | AO77: 514.863 | AP77: 444.913 | AQ77: 521.359 | AR77: 438.675 | AS77: 469.6 | AT77: 451.826 | AU77: 660.639 | AV77: 549.395 | AW77: 615.979 | AX77: 629.075 | AY77: 548.374 | AZ77: 672.578 | BA77: 353.983 | BB77: 537.701 | BC77: 570.549 | BD77: 515.587 | BE77: 394.103 | BF77: 445.92 | BG77: 405.288 | BH77: 269.214 | BI77: 415.273 | BJ77: 84.755 | BK77: 0 | BL77: 0 | BM77: 0 | BN77: 0 | BO77: 0 | BP77: 0 | BQ77: 0 | BR77: 0 | BS77: 0 | BT77: 0 | BU77: 0 | BV77: 0 | BW77: 0 | BX77: 0 | BY77: 0 | BZ77: 0 | CA77: 0 | CB77: - | CC77: 0 | CD77: 0 | CE77: 0 | CF77: 0 | CH77: 0 | CI77: 0 | CJ77: 0 | CK77: 0 | CL77: 0 | CM77: 0 | CN77: 0 | CO77: 0 | CP77: 0
B78: Average grade in ore processed | C78: g/t | F78: 0 | G78: 0 | H78: 2.8395929 | I78: 2.357957 | J78: 2.1122373 | K78: 2.0762926 | L78: 1.9057005 | M78: 1.8513917 | N78: 2.4284185 | O78: 2.2635066 | P78: 0 | Q78: 0 | R78: 0 | S78: - | T78: - | U78: - | V78: - | W78: - | Y78: 0 | Z78: 0 | AA78: 0 | AB78: 0 | AC78: 0 | AD78: 0 | AE78: 0 | AF78: 0 | AG78: 0 | AH78: 2.8602317 | AI78: 3.0644609 | AJ78: 2.8006138 | AK78: 2.3319796 | AL78: 2.0626873 | AM78: 2.6095456 | AN78: 2.3815385 | AO78: 2.0761706 | AP78: 1.9024416 | AQ78: 2.2381973 | AR78: 2.2176452 | AS78: 2.0894836 | AT78: 2.0983773 | AU78: 2.0337667 | AV78: 2.0979916 | AW78: 1.9844943 | AX78: 2.0174092 | AY78: 2.0931855 | AZ78: 1.5761918 | BA78: 1.5948927 | BB78: 1.7008044 | BC78: 1.7844991 | BD78: 2.2585641 | BE78: 2.3114341 | BF78: 2.3388639 | BG78: 2.337121 | BH78: 2.8854525 | BI78: 2.2193251 | BJ78: 2.4799823 | BK78: 0 | BL78: 0 | BM78: 0 | BN78: 0 | BO78: 0 | BP78: 0 | BQ78: 0 | BR78: 0 | BS78: 0 | BT78: 0 | BU78: 0 | BV78: 0 | BW78: 0 | BX78: 0 | BY78: 0 | BZ78: 0 | CA78: 0 | CB78: - | CC78: 0 | CD78: 0 | CE78: 0 | CF78: 0 | CH78: 0 | CI78: 0 | CJ78: 0 | CK78: 0 | CL78: 0 | CM78: 0 | CN78: 0 | CO78: 0 | CP78: 0
B79: Recovery | C79: % | F79: 0 | G79: 0 | H79: 0.75019072 | I79: 0.8411154 | J79: 0.83805931 | K79: 0.82234791 | L79: 0.85317249 | M79: 0.83452654 | N79: 0.87147923 | O79: 0.85209407 | P79: 0 | Q79: 0 | R79: 0 | S79: 0 | T79: 0 | U79: 0 | V79: 0 | W79: 0 | Y79: 0 | Z79: 0 | AA79: 0 | AB79: 0 | AC79: 0 | AD79: 0 | AE79: 0 | AF79: 0 | AG79: 0 | AH79: 0.82170107 | AI79: 0.83878794 | AJ79: 0.68252311 | AK79: 0.71010321 | AL79: 0.88307102 | AM79: 0.88614325 | AN79: 0.87233878 | AO79: 0.83447186 | AP79: 0.84940314 | AQ79: 0.83704882 | AR79: 0.83332163 | AS79: 0.80550799 | AT79: 0.82901476 | AU79: 0.82380849 | AV79: 0.82899771 | AW79: 0.84474047 | AX79: 0.85167264 | AY79: 0.86045894 | AZ79: 0.85680144 | BA79: 0.79493057 | BB79: 0.85413322 | BC79: 0.84910929 | BD79: 0.82557528 | BE79: 0.86940985 | BF79: 0.87679556 | BG79: 0.88179565 | BH79: 0.85418874 | BI79: 0.85363485 | BJ79: 0.84533821 | BK79: 0 | BL79: 0 | BM79: 0 | BN79: 0 | BO79: 0 | BP79: 0 | BQ79: 0 | BR79: 0 | BS79: 0 | BT79: 0 | BU79: 0 | BV79: 0 | BW79: 0 | BX79: 0 | BY79: 0 | BZ79: 0 | CA79: 0 | CB79: 0 | CC79: 0 | CD79: 0 | CE79: 0 | CF79: 0 | CH79: 0 | CI79: 0 | CJ79: 0 | CK79: 0 | CL79: 0 | CM79: 0 | CN79: 0 | CO79: 0 | CP79: 0
B80: Total Dore gold output | C80: koz | F80: 0 | G80: 0 | H80: 39.125292 | I80: 99.634312 | J80: 110.63269 | K80: 115.80106 | L80: 127.67526 | M80: 100.11272 | N80: 103.11629 | O80: 32.536933 | P80: 0 | Q80: 0 | R80: 0 | S80: 0 | T80: 0 | U80: 0 | V80: 0 | W80: 0 | Y80: 0 | Z80: 0 | AA80: 0 | AB80: 0 | AC80: 0 | AD80: 0 | AE80: 0 | AF80: 0 | AG80: 0 | AH80: 17.511602 | AI80: 3.0222763 | AJ80: 18.591414 | AK80: 19.583322 | AL80: 24.067117 | AM80: 31.011003 | AN80: 24.972871 | AO80: 28.77776 | AP80: 23.609328 | AQ80: 31.164301 | AR80: 27.081297 | AS80: 24.375941 | AT80: 24.206361 | AU80: 35.889557 | AV80: 31.329202 | AW80: 32.419872 | AX80: 34.19438 | AY80: 31.765866 | AZ80: 29.295147 | BA80: 17.008002 | BB80: 23.282283 | BC80: 28.014133 | BD80: 31.808301 | BE80: 25.65364 | BF80: 29.055106 | BG80: 26.96365 | BH80: 21.443889 | BI80: 25.018644 | BJ80: 7.5182889 | BK80: 0 | BL80: 0 | BM80: 0 | BN80: 0 | BO80: 0 | BP80: 0 | BQ80: 0 | BR80: 0 | BS80: 0 | BT80: 0 | BU80: 0 | BV80: 0 | BW80: 0 | BX80: 0 | BY80: 0 | BZ80: 0 | CA80: 0 | CB80: 0 | CC80: 0 | CD80: 0 | CE80: 0 | CF80: 0 | CH80: 0 | CI80: 0 | CJ80: 0 | CK80: 0 | CL80: 0 | CM80: 0 | CN80: 0 | CO80: 0 | CP80: 0
B81: Total refined gold output | C81: koz | F81: 0 | G81: 0 | H81: 38.749494 | I81: 100 | J81: 109.49833 | K81: 116.8 | L81: 130.8 | M81: 93 | N81: 102.2635 | O81: 40.157535 | P81: 0 | Q81: 0 | R81: 0 | S81: 0 | T81: 0 | U81: 0 | V81: 0 | W81: 0 | Y81: 0 | Z81: 0 | AA81: 0 | AB81: 0 | AC81: 0 | AD81: 0 | AE81: 0 | AF81: 0 | AG81: 0 | AH81: 14.590668 | AI81: 3.1588252 | AJ81: 21 | AK81: 20 | AL81: 19 | AM81: 30 | AN81: 31 | AO81: 22.2 | AP81: 22.1 | AQ81: 37 | AR81: 28.198327 | AS81: 21.8 | AT81: 24.1 | AU81: 37.6 | AV81: 33.3 | AW81: 34 | AX81: 29.4 | AY81: 30.3 | AZ81: 37.1 | BA81: 17.2 | BB81: 15 | BC81: 32 | BD81: 28.8 | BE81: 29.134522 | BF81: 28.159599 | BG81: 27.951713 | BH81: 17.017664 | BI81: 28.409015 | BJ81: 11.74852 | BK81: 0 | BL81: 0 | BM81: 0 | BN81: 0 | BO81: 0 | BP81: 0 | BQ81: 0 | BR81: 0 | BS81: 0 | BT81: 0 | BU81: 0 | BV81: 0 | BW81: 0 | BX81: 0 | BY81: 0 | BZ81: 0 | CA81: 0 | CB81: 0 | CC81: 0 | CD81: 0 | CE81: 0 | CF81: 0 | CH81: 0 | CI81: 0 | CJ81: 0 | CK81: 0 | CL81: 0 | CM81: 0 | CN81: 0 | CO81: 0 | CP81: 0
B84: VERNINSKOYE**
B86: Mining
B87: Total rock moved | C87: 000 m3 | F87: 1541.2 | G87: 2627 | H87: 1340.4 | I87: 2043 | J87: 2198.5 | K87: 2408 | L87: 4539.0074 | M87: 4910.0911 | N87: 6026 | O87: 6037.0926 | P87: 6806.1284 | Q87: 7163.6577 | R87: 9064.0606 | S87: 11076 | T87: 12249 | U87: 12833 | V87: 12376 | W87: 2903 | Y87: 0 | Z87: 197.9 | AA87: 330.3 | AB87: 1013 | AC87: 423.8 | AD87: 365.9 | AE87: 828.9 | AF87: 1008.4 | AG87: 269.1 | AH87: 375.7 | AI87: 347.9 | AJ87: 347.7 | AK87: 447.4 | AL87: 519.6 | AM87: 538 | AN87: 538 | AO87: 487.1 | AP87: 505.4 | AQ87: 559.3 | AR87: 646.7 | AS87: 526 | AT87: 682 | AU87: 653 | AV87: 547 | AW87: 954.7 | AX87: 1075.4 | AY87: 1223.6074 | AZ87: 1285.3 | BA87: 1229.2 | BB87: 1249.88 | BC87: 1231.8 | BD87: 1199.2111 | BE87: 1426.4 | BF87: 1515.4 | BG87: 1539.8 | BH87: 1544.4 | BI87: 1640.2 | BJ87: 1633.3 | BK87: 1408.9 | BL87: 1354.6926 | BM87: 1684.1052 | BN87: 1740.0111 | BO87: 1714.4121 | BP87: 1667.6 | BQ87: 1861.5819 | BR87: 2005.6907 | BS87: 1750.4951 | BT87: 1545.89 | BU87: 2092.138 | BV87: 2319.602 | BW87: 2474.94 | BX87: 2177.3806 | BY87: 2784.1799 | BZ87: 2776.6049 | CA87: 2975.833 | CB87: 2538.6623 | CC87: 3089.9891 | CD87: 3221.6826 | CE87: 3192.8815 | CF87: 2744 | CH87: 6312 | CI87: 5937 | CJ87: 6523 | CK87: 6310 | CL87: 6781 | CM87: 5595 | CN87: 2818 | CO87: 85 | CP87: -
B88: Stripping | C88: 000 m3 | F88: 843.4 | G88: 2627 | H88: 1198.2 | I88: 1950.9 | J88: 1924.2 | K88: 1439.4 | L88: 2711.5 | M88: 3163.4 | N88: 4561.7 | O88: 4794.4 | P88: 5418.526 | Q88: 6056.2839 | R88: 7416.476 | S88: 8985.6355 | T88: 10478 | U88: 11267 | V88: 10238 | W88: 2130 | Y88: 0 | Z88: 0 | AA88: 124.9 | AB88: 718.5 | AC88: 423.8 | AD88: 365.9 | AE88: 828.9 | AF88: 1008.4 | AG88: 269.1 | AH88: 375.7 | AI88: 289.9 | AJ88: 263.5 | AK88: 435.5 | AL88: 519.6 | AM88: 500.3 | AN88: 495.5 | AO88: 428.6 | AP88: 415.5 | AQ88: 508 | AR88: 572.1 | AS88: 332 | AT88: 461.2 | AU88: 376 | AV88: 270.2 | AW88: 544.9 | AX88: 688.6 | AY88: 678.4 | AZ88: 799.6 | BA88: 783.5 | BB88: 808.2 | BC88: 831 | BD88: 740.7 | BE88: 1055 | BF88: 1121.2 | BG88: 1143 | BH88: 1242.5 | BI88: 1334 | BJ88: 1285.8 | BK88: 1162.2 | BL88: 1012.4 | BM88: 1382.3 | BN88: 1331.222 | BO88: 1400.9 | BP88: 1304.104 | BQ88: 1548.7909 | BR88: 1731.227 | BS88: 1470.571 | BT88: 1305.695 | BU88: 1729.868 | BV88: 1971.4 | BW88: 2009.935 | BX88: 1705.273 | BY88: 2218.5564 | BZ88: 2243.7325 | CA88: 2376.8836 | CB88: 2146.463 | CC88: 2581.1298 | CD88: 2623.9789 | CE88: 2796.7481 | CF88: 2476 | CH88: 5205 | CI88: 5273 | CJ88: 5679 | CK88: 5588 | CL88: 5944 | CM88: 4294 | CN88: 2082 | CO88: 48 | CP88: -
B89: Stripping ratio | C89: m3/t | F89: 0 | G89: 0 | H89: 3.1203125 | I89: 7.8450217 | J89: 2.597848 | K89: 0.55033034 | L89: 0.54954075 | M89: 0.67077378 | N89: 1.1538063 | O89: 1.4289163 | P89: 1.4462799 | Q89: 2.0255745 | R89: 1.6671939 | S89: 1.5926216 | T89: 2.2 | U89: 2.7 | V89: 1.8 | W89: 1 | Y89: 0 | Z89: 0 | AA89: 0 | AB89: 0 | AC89: 0 | AD89: 0 | AE89: 0 | AF89: 0 | AG89: 0 | AH89: 0 | AI89: 1.8512133 | AJ89: 1.1587511 | AK89: 13.566978 | AL89: N/A | AM89: 4.9140556 | AN89: 4.3173303 | AO89: 2.7135169 | AP89: 1.7117785 | AQ89: 3.666811 | AR89: 2.8396287 | AS89: 0.63382971 | AT89: 0.77374761 | AU89: 0.50247227 | AV89: 0.36153928 | AW89: 0.49253826 | AX89: 0.65935118 | AY89: 0.46085078 | AZ89: 0.60973471 | BA89: 0.65107737 | BB89: 0.67771539 | BC89: 0.76790863 | BD89: 0.59832305 | BE89: 1.0520752 | BF89: 1.0534228 | BG89: 1.0668683 | BH89: 1.5242967 | BI89: 1.6135665 | BJ89: 1.3704237 | BK89: 1.7448093 | BL89: 1.0954457 | BM89: 1.6963359 | BN89: 1.2061112 | BO89: 1.654966 | BP89: 1.3280081 | BQ89: 1.8338963 | BR89: 2.3361747 | BS89: 1.9457273 | BT89: 2.0133256 | BU89: 1.7685479 | BV89: 2.0969097 | BW89: 1.6008868 | BX89: 1.3377937 | BY89: 1.4527111 | BZ89: 1.5594954 | CA89: 1.4697858 | CB89: 2.0269956 | CC89: 1.8786609 | CD89: 1.6259629 | CE89: 2.6148586 | CF89: 3.4 | CH89: 1.7 | CI89: 2.9 | CJ89: 2.5 | CK89: 2.9 | CL89: 2.6 | CM89: 1.2 | CN89: 1 | CO89: 0.5 | CP89: -
B90: Ore mined | C90: kT | F90: 0 | G90: 0 | H90: 384 | I90: 248.68 | J90: 740.69 | K90: 2615.52 | L90: 4934.12 | M90: 4716.046 | N90: 3953.61 | O90: 3355.27 | P90: 3746.5265 | Q90: 2989.9092 | R90: 4448.4784 | S90: 5642.0406 | T90: 4782 | U90: 4230 | V90: 5772 | W90: 2088 | Y90: 0 | Z90: 0 | AA90: 0 | AB90: 0 | AC90: 0 | AD90: 0 | AE90: 0 | AF90: 0 | AG90: 0 | AH90: 0 | AI90: 156.6 | AJ90: 227.4 | AK90: 32.1 | AL90: 0 | AM90: 101.81 | AN90: 114.77 | AO90: 157.95 | AP90: 242.73 | AQ90: 138.54 | AR90: 201.47 | AS90: 523.8 | AT90: 596.06 | AU90: 748.3 | AV90: 747.36 | AW90: 1106.31 | AX90: 1044.36 | AY90: 1472.06 | AZ90: 1311.39 | BA90: 1203.39 | BB90: 1192.536 | BC90: 1082.16 | BD90: 1237.96 | BE90: 1002.78 | BF90: 1064.34 | BG90: 1071.36 | BH90: 815.13 | BI90: 826.74 | BJ90: 938.25 | BK90: 666.09 | BL90: 924.19 | BM90: 814.87396 | BN90: 1103.7307 | BO90: 846.48264 | BP90: 982 | BQ90: 844.5357 | BR90: 741.05202 | BS90: 755 | BT90: 648.5265 | BU90: 978.129 | BV90: 940.1454 | BW90: 1255.5135 | BX90: 1274.6905 | BY90: 1527.1834 | BZ90: 1438.7554 | CA90: 1617.1633 | CB90: 1058.9382 | CC90: 1373.92 | CD90: 1613.8 | CE90: 1069.56 | CF90: 724 | CH90: 2988 | CI90: 1794 | CJ90: 2282 | CK90: 1948 | CL90: 2259 | CM90: 3513 | CN90: 1985 | CO90: 103 | CP90: -
B91: Average grade in ore mined | C91: g/t | F91: 0 | G91: 0 | H91: 2.7101563 | I91: 2.323681 | J91: 2.5630183 | K91: 1.829799 | L91: 1.9826628 | M91: 1.8991351 | N91: 2.0887244 | O91: 2.2039906 | P91: 2.1789763 | Q91: 2.6332872 | R91: 2.5354003 | S91: 2.1943097 | T91: 2.22 | U91: 2.39 | V91: 1.92 | W91: 1.8 | Y91: 0 | Z91: 0 | AA91: 0 | AB91: 0 | AC91: 0 | AD91: 0 | AE91: 0 | AF91: 0 | AG91: 0 | AH91: 0 | AI91: 0 | AJ91: 0 | AK91: 1.9595016 | AL91: 0 | AM91: 2.2882821 | AN91: 2.45694 | AO91: 2.4289142 | AP91: 2.5745932 | AQ91: 2.9423055 | AR91: 2.3933936 | AS91: 1.9319015 | AT91: 1.8269453 | AU91: 1.7013631 | AV91: 1.8891123 | AW91: 1.8884014 | AX91: 1.8917684 | AY91: 2.080065 | AZ91: 2.0252337 | BA91: 1.9712766 | BB91: 1.9792442 | BC91: 1.8768563 | BD91: 1.7713133 | BE91: 1.9441142 | BF91: 2.096791 | BG91: 2.0640252 | BH91: 2.2885558 | BI91: 2.2824101 | BJ91: 2.032705 | BK91: 2.2372112 | BL91: 2.2837883 | BM91: 2.1568339 | BN91: 2.16465 | BO91: 2.3610543 | BP91: 2.0564317 | BQ91: 2.632652 | BR91: 2.6146974 | BS91: 2.6 | BT91: 2.6988714 | BU91: 2.6561688 | BV91: 3.0107548 | BW91: 2.2996059 | BX91: 2.3243794 | BY91: 1.99 | BZ91: 2.1130159 | CA91: 2.2843778 | CB91: 2.4246184 | CC91: 2.3333236 | CD91: 2.2418267 | CE91: 1.91 | CF91: 2.4 | CH91: 2.28 | CI91: 2.11 | CJ91: 2.22 | CK91: 2.59 | CL91: 2.19 | CM91: 1.75 | CN91: 1.75 | CO91: 2.83 | CP91: -
B93: Processing
B94: Ore processed | C94: kT | F94: 0 | G94: 0 | H94: 0 | I94: 186.388 | J94: 153.905 | K94: 1324.2808 | L94: 1625.6451 | M94: 2203.4885 | N94: 2283.9053 | O94: 2501.3962 | P94: 2789 | Q94: 2978.8745 | R94: 3034.9101 | S94: 3276.7757 | T94: 3608 | U94: 3902 | V94: 3951 | W94: 3938 | Y94: 0 | Z94: 0 | AA94: 0 | AB94: 0 | AC94: 0 | AD94: 0 | AE94: 0 | AF94: 0 | AG94: 0 | AH94: 0 | AI94: 0 | AJ94: 0 | AK94: 0 | AL94: 3.188 | AM94: 79.332 | AN94: 103.868 | AO94: 26.097 | AP94: 41.663 | AQ94: 44.944 | AR94: 41.201 | AS94: 219.2028 | AT94: 347.916 | AU94: 376.923 | AV94: 380.239 | AW94: 267.03357 | AX94: 386.22664 | AY94: 416.16096 | AZ94: 556.22395 | BA94: 473.14893 | BB94: 594.22152 | BC94: 528.65807 | BD94: 607.45999 | BE94: 458.4654 | BF94: 600.1097 | BG94: 580.4596 | BH94: 644.87058 | BI94: 585.6744 | BJ94: 656.0139 | BK94: 565.58057 | BL94: 694.1273 | BM94: 591.38211 | BN94: 744.62211 | BO94: 692.5514 | BP94: 760.33992 | BQ94: 673.5603 | BR94: 801.09981 | BS94: 712 | BT94: 791.54472 | BU94: 724.5993 | BV94: 789.88237 | BW94: 724.48378 | BX94: 795.94463 | BY94: 777.85895 | BZ94: 858.03683 | CA94: 765 | CB94: 876 | CC94: 765.501 | CD94: 954 | CE94: 962.52 | CF94: 925 | CH94: 1720 | CI94: 1888 | CJ94: 1949 | CK94: 1953 | CL94: 1954 | CM94: 1997 | CN94: 2041 | CO94: 1897 | CP94: 2035
B95: Average grade in ore processed | C95: g/t | F95: 0 | G95: 0 | H95: 0 | I95: 1.9928577 | J95: 2.8600065 | K95: 2.2262604 | L95: 2.540145 | M95: 2.7247732 | N95: 2.6312153 | O95: 2.6514884 | P95: 2.6 | Q95: 2.6349938 | R95: 2.902089 | S95: 2.9070595 | T95: 2.82 | U95: 2.63 | V95: 2.32 | W95: 2.03 | Y95: 0 | Z95: 0 | AA95: 0 | AB95: 0 | AC95: 0 | AD95: 0 | AE95: 0 | AF95: 0 | AG95: 0 | AH95: 0 | AI95: 0 | AJ95: 0 | AK95: 0 | AL95: 2.6207026 | AM95: 2.2949448 | AN95: 1.7428602 | AO95: 3.0545542 | AP95: 2.6824761 | AQ95: 2.7935943 | AR95: 2.9887454 | AS95: 2.363848 | AT95: 2.2704181 | AU95: 2.260909 | AV95: 2.0721925 | AW95: 2.5321178 | AX95: 2.3650498 | AY95: 2.6383089 | AZ95: 2.5921348 | BA95: 2.5513705 | BB95: 2.8193477 | BC95: 2.780806 | BD95: 2.7185586 | BE95: 2.6958546 | BF95: 2.622424 | BG95: 2.6221842 | BH95: 2.6015708 | BI95: 2.7238315 | BJ95: 2.6378609 | BK95: 2.6214217 | BL95: 2.6278262 | BM95: 2.6263672 | BN95: 2.6168973 | BO95: 2.6069487 | BP95: 2.5724636 | BQ95: 2.6367157 | BR95: 2.6276986 | BS95: 2.64 | BT95: 2.6325046 | BU95: 2.9002593 | BV95: 2.9048076 | BW95: 2.900501 | BX95: 2.9025021 | BY95: 2.903136 | BZ95: 2.9023104 | CA95: 2.9237592 | CB95: 2.9005962 | CC95: 2.8189126 | CD95: 2.8205464 | CE95: 2.8119007 | CF95: 2.81 | CH95: 2.82 | CI95: 2.81 | CJ95: 2.7 | CK95: 2.56 | CL95: 2.38 | CM95: 2.27 | CN95: 2.03 | CO95: 2.04 | CP95: 2.36
B96: Recovery | C96: % | F96: 0 | G96: 0 | H96: 0 | I96: 0.65981856 | J96: 0.73660596 | K96: 0.64235653 | L96: 0.71130842 | M96: 0.7982402 | N96: 0.86142314 | O96: 0.87269937 | P96: 0.885 | Q96: 0.895 | R96: 0.895 | S96: 0.89611344 | T96: 0.9 | U96: 0.899 | V96: 0.895 | W96: 0.907 | Y96: 0 | Z96: 0 | AA96: 0 | AB96: 0 | AC96: 0 | AD96: 0 | AE96: 0 | AF96: 0 | AG96: 0 | AH96: 0 | AI96: 0 | AJ96: 0 | AK96: 0 | AL96: 0.72575047 | AM96: 0.69581752 | AN96: 0.61537257 | AO96: 0.73106071 | AP96: 0.76165064 | AQ96: 0.72572006 | AR96: 0.72543372 | AS96: 0.86818569 | AT96: 0.90466061 | AU96: 0.53863276 | AV96: 0.54941911 | AW96: 0.63820449 | AX96: 0.6613929 | AY96: 0.70922684 | AZ96: 0.77880051 | BA96: 0.7731264 | BB96: 0.77903461 | BC96: 0.79115007 | BD96: 0.8423935 | BE96: 0.85208724 | BF96: 0.86364279 | BG96: 0.86408031 | BH96: 0.86380813 | BI96: 0.86962495 | BJ96: 0.87072919 | BK96: 0.87502595 | BL96: 0.87536624 | BM96: 0.87754958 | BN96: 0.88611471 | BO96: 0.887 | BP96: 0.88791875 | BQ96: 0.894 | BR96: 0.895 | BS96: 0.895 | BT96: 0.896 | BU96: 0.895 | BV96: 0.895 | BW96: 0.89533588 | BX96: 0.896 | BY96: 0.89613421 | BZ96: 0.89620371 | CA96: 0.8958694 | CB96: 0.89622157 | CC96: 0.89976127 | CD96: 0.89953875 | CE96: 0.8998652 | CF96: 0.9 | CH96: 0.9 | CI96: 0.9 | CJ96: 0.899 | CK96: 0.899 | CL96: 0.896 | CM96: 0.895 | CN96: 0.892 | CO96: 0.923 | CP96: 0.931
B97: Total Dore gold output3 | C97: koz | F97: 0 | G97: 0 | H97: 0 | I97: 7.2262339 | J97: 10.936163 | K97: 46.64615 | L97: 93.039449 | M97: 149.94141 | N97: 166.0749 | O97: 185.86302 | P97: 206.6 | Q97: 225.82851 | R97: 254.04337 | S97: 274.76262 | T97: 294.6 | U97: 298 | V97: 265.7 | W97: 230.8 | Y97: 0 | Z97: 0 | AA97: 0 | AB97: 0 | AC97: 0 | AD97: 0 | AE97: 0 | AF97: 0 | AG97: 0 | AH97: 0 | AI97: 0 | AJ97: 0 | AK97: 0 | AL97: 0 | AM97: 4.0674681 | AN97: 3.1587658 | AO97: 1.9933045 | AP97: 3.1413401 | AQ97: 2.9295117 | AR97: 2.8720069 | AS97: 7.24655 | AT97: 11.175053 | AU97: 14.9823 | AV97: 13.242246 | AW97: 14.015642 | AX97: 18.890729 | AY97: 25.529121 | AZ97: 34.603958 | BA97: 30.252235 | BB97: 40.250261 | BC97: 36.467533 | BD97: 42.971376 | BE97: 33.330265 | BF97: 44.486293 | BG97: 42.07685 | BH97: 46.181491 | BI97: 43.696683 | BJ97: 48.805726 | BK97: 41.844583 | BL97: 51.516022 | BM97: 43.784095 | BN97: 55.459948 | BO97: 51.5 | BP97: 55.8 | BQ97: 51 | BR97: 60.589593 | BS97: 54.2 | BT97: 60.068831 | BU97: 60.472481 | BV97: 66.143585 | BW97: 60.7 | BX97: 66.735705 | BY97: 64.958725 | BZ97: 71.711061 | CA97: 64.88382 | CB97: 73.209015 | CC97: 62.496057 | CD97: 77.674969 | CE97: 78.786603 | CF97: 75.6 | CH97: 140.2 | CI97: 154.4 | CJ97: 152.3 | CK97: 145.7 | CL97: 134.3 | CM97: 131.4 | CN97: 118.8 | CO97: 112 | CP97: 140.7
B98: Total refined gold output4 | C98: koz | F98: 0 | G98: 0 | H98: 0 | I98: 7 | J98: 13.170387 | K98: 45.5 | L98: 89.2 | M98: 146 | N98: 161.07512 | O98: 186.46546 | P98: 205.7 | Q98: 223.29417 | R98: 255.92454 | S98: 273.42258 | T98: 292.2 | U98: 296.1 | V98: 267.1 | W98: 242.2 | Y98: 0 | Z98: 0 | AA98: 0 | AB98: 0 | AC98: 0 | AD98: 0 | AE98: 0 | AF98: 0 | AG98: 0 | AH98: 0 | AI98: 0 | AJ98: 0 | AK98: 0 | AL98: 0 | AM98: 0 | AN98: 7 | AO98: 0 | AP98: 7.4 | AQ98: 3.2854366 | AR98: 2.4849505 | AS98: 6.4 | AT98: 11.4 | AU98: 11.9 | AV98: 15.8 | AW98: 11 | AX98: 21.2 | AY98: 22.8 | AZ98: 34.2 | BA98: 31.6 | BB98: 37.4 | BC98: 38.8 | BD98: 38.2 | BE98: 37.212327 | BF98: 41.969672 | BG98: 43.314431 | BH98: 38.578691 | BI98: 55.899696 | BJ98: 44.348659 | BK98: 42.6569 | BL98: 43.560204 | BM98: 53.701718 | BN98: 53.266558 | BO98: 53.1 | BP98: 45.617885 | BQ98: 58.6 | BR98: 53.290299 | BS98: 59.7 | BT98: 51.681717 | BU98: 67.057415 | BV98: 61.7 | BW98: 63.3 | BX98: 63.911528 | BY98: 69.142646 | BZ98: 68.289463 | CA98: 68.559355 | CB98: 67.431115 | CC98: 64.755301 | CD98: 77.649792 | CE98: 82.956005 | CF98: 66.8 | CH98: 142.4 | CI98: 149.8 | CJ98: 136.8 | CK98: 159.3 | CL98: 141.4 | CM98: 125.7 | CN98: 125.5 | CO98: 116.7 | CP98: 138.9
B101: ALLUVIALS
B103: Sands washed | C103: 000 m3 | F103: 9091 | G103: 9688 | H103: 9012 | I103: 8887 | J103: 9863 | K103: 9962 | L103: 10116 | M103: 9139 | N103: 9370 | O103: 8611 | P103: 8342 | Q103: 7688.7 | R103: 8581 | S103: 9629 | T103: 9616 | U103: 8819 | V103: 7054 | W103: - | Y103: 38 | Z103: 2497 | AA103: 4652 | AB103: 1904 | AC103: 5 | AD103: 2141 | AE103: 5546 | AF103: 1996 | AG103: 0 | AH103: 2496 | AI103: 5118 | AJ103: 1398 | AK103: 28 | AL103: 2358 | AM103: 5231 | AN103: 1270 | AO103: 70 | AP103: 2575 | AQ103: 5395 | AR103: 1823 | AS103: 30 | AT103: 2506 | AU103: 5597 | AV103: 1829 | AW103: 9 | AX103: 2863 | AY103: 5292 | AZ103: 1952 | BA103: 0 | BB103: 2306 | BC103: 5135 | BD103: 1698 | BE103: 0 | BF103: 2626 | BG103: 5059 | BH103: 1685 | BI103: 0 | BJ103: 2069 | BK103: 5296 | BL103: 1246 | BM103: 0 | BN103: 2251 | BO103: 4999 | BP103: 1091.7 | BQ103: 0 | BR103: 1974 | BS103: 4457 | BT103: 1258 | BU103: 0 | BV103: 2259 | BW103: 5115 | BX103: 1207 | BY103: - | BZ103: 2888 | CA103: 5142 | CB103: 1599 | CC103: 0 | CD103: 2425 | CE103: 5971 | CF103: 1220 | CH103: 2425 | CI103: 7191 | CJ103: 2111 | CK103: 6708 | CL103: 1642 | CM103: 5412 | CN103: 0 | CO103: - | CP103: -
B104: Average grade | C104: g/m3 | F104: 0.61414036 | G104: 0.58719344 | H104: 0.65896693 | I104: 0.68832441 | J104: 0.66513971 | K104: 0.66702981 | L104: 0.63153397 | M104: 0.64628684 | N104: 0.5588319 | O104: 0.60795254 | P104: 0.54 | Q104: 0.59746416 | R104: 0.52777582 | S104: 0.4629543 | T104: 0.46 | U104: 0.46 | V104: 0.46 | W104: - | Y104: 0.086578947 | Z104: 0.62570685 | AA104: 0.65328031 | AB104: 0.5138708 | AC104: 0.536 | AD104: 0.63710416 | AE104: 0.57786873 | AF104: 0.55969439 | AG104: 0 | AH104: 0.60897436 | AI104: 0.67440797 | AJ104: 0.69056509 | AK104: 0.25107143 | AL104: 0.71382528 | AM104: 0.69746129 | AN104: 0.61298346 | AO104: 0.11442857 | AP104: 0.67440117 | AQ104: 0.71528415 | AR104: 0.52480636 | AS104: 0.24476667 | AT104: 0.72448883 | AU104: 0.69237073 | AV104: 0.51768179 | AW104: 0.57118889 | AX104: 0.71133435 | AY104: 0.6321848 | AZ104: 0.51300446 | BA104: 0 | BB104: 0.67558664 | BC104: 0.63863663 | BD104: 0.62945415 | BE104: 0 | BF104: 0.5422992 | BG104: 0.55188272 | BH104: 0.60314119 | BI104: 0 | BJ104: 0.64918208 | BK104: 0.60854807 | BL104: 0.53653467 | BM104: 0 | BN104: 0.52781794 | BO104: 0.55282914 | BP104: 0.52619419 | BQ104: 0 | BR104: 0.52634164 | BS104: 0.6 | BT104: 0.69257981 | BU104: 0 | BV104: 0.5453585 | BW104: 0.52 | BX104: 0.54389563 | BY104: - | BZ104: 0.45963955 | CA104: 0.46612161 | CB104: 0.45875586 | CC104: 0 | CD104: 0.46587865 | CE104: 0.45355419 | CF104: 0.45 | CH104: 0.47 | CI104: 0.45 | CJ104: 0.47 | CK104: 0.46 | CL104: 0.43 | CM104: 0.46 | CN104: 0 | CO104: - | CP104: -
B105: Gold in slime | C105: koz | F105: 179.50244 | G105: 182.89692 | H105: 190.93075 | I105: 196.67059 | J105: 210.91767 | K105: 213.64014 | L105: 205.39803 | M105: 189.89552 | N105: 168.34938 | O105: 168.31158 | P105: 145.5 | Q105: 147.6915 | R105: 145.60562 | S105: 143.32107 | T105: 141.1 | U105: 129.9 | V105: 103.3 | W105: - | Y105: 0.10577596 | Z105: 50.232005 | AA105: 97.708048 | AB105: 31.456612 | AC105: 0.086164001 | AD105: 43.854904 | AE105: 103.03864 | AF105: 35.917207 | AG105: 0.05079818 | AH105: 48.869135 | AI105: 110.97216 | AJ105: 31.038652 | AK105: 0.22601975 | AL105: 54.116137 | AM105: 117.29943 | AN105: 25.029003 | AO105: 0.25752748 | AP105: 55.83244 | AQ105: 124.06838 | AR105: 30.759327 | AS105: 0.23608293 | AT105: 58.371899 | AU105: 124.59054 | AV105: 30.441613 | AW105: 0.16527722 | AX105: 65.476562 | AY105: 107.56095 | AZ105: 32.195242 | BA105: 0.0096580771 | BB105: 50.087701 | BC105: 105.43505 | BD105: 34.363115 | BE105: 0.12569647 | BF105: 45.785127 | BG105: 89.764004 | BH105: 32.674551 | BI105: 0.017001302 | BJ105: 43.183492 | BK105: 103.61762 | BL105: 21.493472 | BM105: 0.0088961049 | BN105: 38.198858 | BO105: 88.851508 | BP105: 18.4 | BQ105: 0.020354622 | BR105: 33.404549 | BS105: 86.3 | BT105: 28.011812 | BU105: 0 | BV105: 39.60856 | BW105: 84.9 | BX105: 21.106372 | BY105: - | BZ105: 42.678123 | CA105: 77 | CB105: 23.584182 | CC105: 0 | CD105: 36.322463 | CE105: 87.06969 | CF105: 17.7 | CH105: 36.3 | CI105: 104.8 | CJ105: 32 | CK105: 97.9 | CL105: 22.8 | CM105: 80.5 | CN105: 0 | CO105: - | CP105: -
B106: Refined gold production | C106: koz | F106: 179.01214 | G106: 180.51347 | H106: 193.86482 | I106: 197 | J106: 209.96367 | K106: 213.94 | L106: 205.4 | M106: 189.7 | N106: 168.26779 | O106: 168.54278 | P106: 145.7 | Q106: 147.68975 | R106: 145.60935 | S106: 143.32046 | T106: 141.1 | U106: 129.9 | V106: 103.3 | W106: - | Y106: 0 | Z106: 36.966928 | AA106: 97.699689 | AB106: 44.345525 | AC106: 0.035365821 | AD106: 34.012275 | AE106: 95.899247 | AF106: 50.566587 | AG106: 2.9740405 | AH106: 32.109176 | AI106: 117.22194 | AJ106: 41.559663 | AK106: 0.2 | AL106: 35.8 | AM106: 119 | AN106: 42 | AO106: 0 | AP106: 44.888872 | AQ106: 117.1316 | AR106: 47.943193 | AS106: 1 | AT106: 42.6 | AU106: 117.4 | AV106: 52.94 | AW106: 0 | AX106: 50.7 | AY106: 103.3 | AZ106: 51.4 | BA106: 0 | BB106: 35.4 | BC106: 104.2 | BD106: 50.1 | BE106: 0.23932998 | BF106: 32.832514 | BG106: 87.787111 | BH106: 47.408838 | BI106: 0.23062678 | BJ106: 33.115264 | BK106: 95.695812 | BL106: 39.501079 | BM106: 0 | BN106: 30.919421 | BO106: 84.974093 | BP106: 29.810099 | BQ106: 0 | BR106: 23.716794 | BS106: 83.7 | BT106: 40.319954 | BU106: 0 | BV106: 29.57942 | BW106: 81.4 | BX106: 34.639481 | BY106: - | BZ106: 29.845091 | CA106: 75.5 | CB106: 38.04435 | CC106: 0 | CD106: 25.23463 | CE106: 91 | CF106: 24.9 | CH106: 25.2 | CI106: 115.9 | CJ106: 9.8 | CK106: 120.1 | CL106: 12.4 | CM106: 90.9 | CN106: 0 | CO106: - | CP106: -
B109: KURANAKH
B111: Mining
B112: Total rock moved | C112: 000 m3 | F112: 13073 | G112: 11084 | H112: 8606 | I112: 9831 | J112: 10357 | K112: 14361 | L112: 13244 | M112: 12536 | N112: 13432 | O112: 14099 | P112: 17624.4 | Q112: 17728.2 | R112: 17077.3 | S112: 17110.1 | T112: 18084 | U112: 21412 | V112: 19752 | W112: 22738 | Y112: 3191 | Z112: 3585 | AA112: 3163 | AB112: 3134 | AC112: 2815 | AD112: 2879 | AE112: 2646 | AF112: 2744 | AG112: 2539 | AH112: 2210 | AI112: 1707 | AJ112: 2150 | AK112: 2296 | AL112: 2351 | AM112: 2527 | AN112: 2657 | AO112: 2426 | AP112: 2451 | AQ112: 2610 | AR112: 2870 | AS112: 3188 | AT112: 3147 | AU112: 3802 | AV112: 4224 | AW112: 3369 | AX112: 3324 | AY112: 3192 | AZ112: 3359 | BA112: 3079.4 | BB112: 3140.6 | BC112: 3165 | BD112: 3151 | BE112: 3365 | BF112: 3390.3 | BG112: 3230.8 | BH112: 3445.9 | BI112: 3458 | BJ112: 3538.8 | BK112: 3537.2 | BL112: 3565 | BM112: 3964.6 | BN112: 4461.1 | BO112: 4880 | BP112: 4318.7 | BQ112: 4200.5 | BR112: 4474.8 | BS112: 4767.7 | BT112: 4285.2 | BU112: 4075.8 | BV112: 4444.1 | BW112: 4504.3 | BX112: 4053.1 | BY112: 4226 | BZ112: 4209 | CA112: 4398.2 | CB112: 4276.9 | CC112: 4341.1 | CD112: 4524.8 | CE112: 4471.9 | CF112: 4746 | CH112: 8866 | CI112: 9218 | CJ112: 10683 | CK112: 10729 | CL112: 9335 | CM112: 10417 | CN112: 11156 | CO112: 11582 | CP112: 12212
B113: Stripping | C113: 000 m3 | F113: 10723 | G113: 8875 | H113: 6589 | I113: 7859 | J113: 8310 | K113: 12064 | L113: 10952 | M113: 10287 | N113: 11181 | O113: 11656 | P113: 14244.9 | Q113: 13201.9 | R113: 12597.5 | S113: 12499.6 | T113: 13228 | U113: 15508 | V113: 13973 | W113: 15445 | Y113: 2583 | Z113: 2976 | AA113: 2593 | AB113: 2571 | AC113: 2248 | AD113: 2341 | AE113: 2110 | AF113: 2176 | AG113: 1988 | AH113: 1705 | AI113: 1251 | AJ113: 1645 | AK113: 1828 | AL113: 1831 | AM113: 2076 | AN113: 2124 | AO113: 1932 | AP113: 1939 | AQ113: 2115 | AR113: 2324 | AS113: 2589 | AT113: 2596 | AU113: 3266 | AV113: 3613 | AW113: 2764 | AX113: 2776 | AY113: 2630 | AZ113: 2782 | BA113: 2502 | BB113: 2606 | BC113: 2598 | BD113: 2581 | BE113: 2821 | BF113: 2829 | BG113: 2663.7 | BH113: 2867.3 | BI113: 2873 | BJ113: 2939 | BK113: 2920 | BL113: 2924 | BM113: 3223 | BN113: 3584.8 | BO113: 3922 | BP113: 3515.1 | BQ113: 3284 | BR113: 3317.8 | BS113: 3280.8 | BT113: 3319.3 | BU113: 3165.4 | BV113: 3126.4 | BW113: 3190.9 | BX113: 3114.8 | BY113: 3251.4 | BZ113: 2876.2 | CA113: 2924.2 | CB113: 3449 | CC113: 3340 | CD113: 3314.2 | CE113: 3052.1 | CF113: 3522 | CH113: 6654 | CI113: 6574 | CJ113: 7808 | CK113: 7700 | CL113: 6582 | CM113: 7391 | CN113: 7700 | CO113: 7744 | CP113: 7058
B114: Stripping ratio | C114: m3/t | F114: 2.5813674 | G114: 2.2762247 | H114: 1.8272324 | I114: 2.2609321 | J114: 2.3355818 | K114: 3.0281124 | L114: 2.6415822 | M114: 2.5775495 | N114: 2.798048 | O114: 2.7380785 | P114: 2.3832062 | Q114: 1.6854207 | R114: 1.6049406 | S114: 1.5609242 | T114: 1.6 | U114: 1.5 | V114: 1.4 | W114: 1.2 | Y114: 2.4072693 | Z114: 2.7606679 | AA114: 2.562253 | AB114: 2.5943491 | AC114: 2.2570281 | AD114: 2.4657679 | AE114: 2.2163866 | AF114: 2.172524 | AG114: 2.0162272 | AH114: 1.8881506 | AI114: 1.5349693 | AJ114: 1.8237251 | AK114: 2.1971154 | AL114: 1.9794595 | AM114: 2.6179067 | AN114: 2.2937365 | AO114: 2.2439024 | AP114: 2.1592428 | AQ114: 2.456446 | AR114: 2.4776119 | AS114: 2.516035 | AT114: 2.7355111 | AU114: 3.4818763 | AV114: 3.3829588 | AW114: 2.588015 | AX114: 2.7927565 | AY114: 2.5533981 | AZ114: 2.6394687 | BA114: 2.4255938 | BB114: 2.7503958 | BC114: 2.5722772 | BD114: 2.5758483 | BE114: 2.9293873 | BF114: 2.8395062 | BG114: 2.6464978 | BH114: 2.783246 | BI114: 2.7893204 | BJ114: 2.785782 | BK114: 2.7188082 | BL114: 2.6630237 | BM114: 2.4786588 | BN114: 2.3053376 | BO114: 2.3095042 | BP114: 2.4689893 | BQ114: 2.0090542 | BR114: 1.6686617 | BS114: 1.4 | BT114: 1.9659441 | BU114: 1.9694436 | BV114: 1.3714687 | BW114: 1.4169812 | BX114: 1.8417692 | BY114: 1.8819022 | BZ114: 1.2577951 | CA114: 1.1622417 | CB114: 2.3336943 | CC114: 1.8837065 | CD114: 1.6002124 | CE114: 1.2575608 | CF114: 1.6 | CH114: 1.7 | CI114: 1.4 | CJ114: 1.6 | CK114: 1.5 | CL114: 1.4 | CM114: 1.4 | CN114: 1.3 | CO114: 1.2 | CP114: 0.8
B115: Ore mined | C115: kT | F115: 4154 | G115: 3899 | H115: 3606 | I115: 3476 | J115: 3558 | K115: 3984 | L115: 4146 | M115: 3991 | N115: 3996 | O115: 4257 | P115: 5977.2 | Q115: 7833 | R115: 7849.2 | S115: 8008 | T115: 8455 | U115: 10253 | V115: 10037 | W115: 12622 | Y115: 1073 | Z115: 1078 | AA115: 1012 | AB115: 991 | AC115: 996 | AD115: 949.4 | AE115: 952 | AF115: 1001.6 | AG115: 986 | AH115: 903 | AI115: 815 | AJ115: 902 | AK115: 832 | AL115: 925 | AM115: 793 | AN115: 926 | AO115: 861 | AP115: 898 | AQ115: 861 | AR115: 938 | AS115: 1029 | AT115: 949 | AU115: 938 | AV115: 1068 | AW115: 1068 | AX115: 994 | AY115: 1030 | AZ115: 1054 | BA115: 1031.5 | BB115: 947.5 | BC115: 1010 | BD115: 1002 | BE115: 963 | BF115: 996.3 | BG115: 1006.5 | BH115: 1030.2 | BI115: 1030 | BJ115: 1055 | BK115: 1074 | BL115: 1098 | BM115: 1300.3 | BN115: 1555 | BO115: 1698.2 | BP115: 1423.7 | BQ115: 1634.6 | BR115: 1988.3 | BS115: 2522 | BT115: 1688.4 | BU115: 1626.5 | BV115: 2279.6 | BW115: 2251.9 | BX115: 1691.2 | BY115: 1727.72 | BZ115: 2286 | CA115: 2517 | CB115: 1477.4 | CC115: 1773.1 | CD115: 2071.1 | CE115: 2427 | CF115: 2184 | CH115: 3844 | CI115: 4611 | CJ115: 5017 | CK115: 5236 | CL115: 4794 | CM115: 5243 | CN115: 5982 | CO115: 6640 | CP115: 8768
B116: Average grade in ore mined | C116: g/t | F116: 1.370727 | G116: 1.4203642 | H116: 1.3863006 | I116: 1.3317031 | J116: 1.2824621 | K116: 1.3270582 | L116: 1.3567294 | M116: 1.2678527 | N116: 1.3100601 | O116: 1.2929293 | P116: 1.18 | Q116: 1.0669496 | R116: 1.0934363 | S116: 1.1 | T116: 1.07 | U116: 1.05 | V116: 1.04 | W116: 1.05 | Y116: 1.3588071 | Z116: 1.4628942 | AA116: 1.3171937 | AB116: 1.3380424 | AC116: 1.2720884 | AD116: 1.4208974 | AE116: 1.4191176 | AF116: 1.5684904 | AG116: 1.4097363 | AH116: 1.5786268 | AI116: 1.3306748 | AJ116: 1.2184035 | AK116: 1.28125 | AL116: 1.3945946 | AM116: 1.3064313 | AN116: 1.3358531 | AO116: 1.2566783 | AP116: 1.2516704 | AQ116: 1.2590012 | AR116: 1.3571429 | AS116: 1.3770651 | AT116: 1.28451 | AU116: 1.3411514 | AV116: 1.3043071 | AW116: 1.3342697 | AX116: 1.3541247 | AY116: 1.4145631 | AZ116: 1.3254269 | BA116: 1.3155599 | BB116: 1.2675462 | BC116: 1.2247525 | BD116: 1.262475 | BE116: 1.2814123 | BF116: 1.3612366 | BG116: 1.3047193 | BH116: 1.2925646 | BI116: 1.3135922 | BJ116: 1.2824645 | BK116: 1.2979516 | BL116: 1.2786885 | BM116: 1.2162578 | BN116: 1.1161415 | BO116: 1.1634672 | BP116: 1.2515277 | BQ116: 1.1446837 | BR116: 1.0748881 | BS116: 0.97 | BT116: 1.1308706 | BU116: 1.1368583 | BV116: 1.0356642 | BW116: 1.0299747 | BX116: 1.2140492 | BY116: 1.1730489 | BZ116: 1.0423261 | CA116: 1.0093641 | CB116: 1.2322621 | CC116: 1.2132423 | CD116: 1.0596437 | CE116: 0.96485373 | CF116: 1.08 | CH116: 1.13 | CI116: 1.02 | CJ116: 1.06 | CK116: 1.05 | CL116: 1 | CM116: 1.08 | CN116: 1.11 | CO116: 0.99 | CP116: 0.93
B118: Processing
B119: Total ore processed | C119: kT | F119: 3770 | G119: 3696 | H119: 3463 | I119: 3298 | J119: 3376 | K119: 3735 | L119: 3811 | M119: 3785 | N119: 3908.94 | O119: 4223 | P119: 4701 | Q119: 6708.756 | R119: 6881.52 | S119: 7562.829 | T119: 7822 | U119: 7767 | V119: 7817 | W119: 9985 | Y119: 901 | Z119: 957 | AA119: 979 | AB119: 933 | AC119: 886 | AD119: 940 | AE119: 952 | AF119: 918 | AG119: 882 | AH119: 916 | AI119: 860 | AJ119: 805 | AK119: 765 | AL119: 881 | AM119: 841 | AN119: 811 | AO119: 780 | AP119: 876 | AQ119: 845 | AR119: 875 | AS119: 882 | AT119: 954 | AU119: 958 | AV119: 941 | AW119: 935 | AX119: 956 | AY119: 966 | AZ119: 954 | BA119: 924 | BB119: 944 | BC119: 967 | BD119: 950 | BE119: 930 | BF119: 986.2 | BG119: 1010.74 | BH119: 982 | BI119: 998 | BJ119: 1064 | BK119: 1085 | BL119: 1076 | BM119: 1114 | BN119: 1177 | BO119: 1234.2 | BP119: 1176 | BQ119: 1254.754 | BR119: 1645.724 | BS119: 2333 | BT119: 1475.224 | BU119: 1343.953 | BV119: 1720 | BW119: 2313 | BX119: 1504.625 | BY119: 1467.353 | BZ119: 2167 | CA119: 2437.609 | CB119: 1490.728 | CC119: 1504.143 | CD119: 2279.602 | CE119: 2359.1853 | CF119: 1679 | CH119: 3784 | CI119: 4038 | CJ119: 3632 | CK119: 4135 | CL119: 3461 | CM119: 4356 | CN119: 4656 | CO119: 5329 | CP119: 4834
B120: Mill
B121: Ore processed | C121: kT | F121: 3770 | G121: 3696 | H121: 3463 | I121: 3298 | J121: 3376 | K121: 3735 | L121: 3811 | M121: 3785 | N121: 3908.94 | O121: 4223 | P121: 4647 | Q121: 5195 | R121: 5634 | S121: 5982.829 | T121: 6034 | U121: 6112 | V121: 5985 | W121: 7931 | Y121: 901 | Z121: 957 | AA121: 979 | AB121: 933 | AC121: 886 | AD121: 940 | AE121: 952 | AF121: 918 | AG121: 882 | AH121: 916 | AI121: 860 | AJ121: 805 | AK121: 765 | AL121: 881 | AM121: 841 | AN121: 811 | AO121: 780 | AP121: 876 | AQ121: 845 | AR121: 875 | AS121: 882 | AT121: 954 | AU121: 958 | AV121: 941 | AW121: 935 | AX121: 956 | AY121: 966 | AZ121: 954 | BA121: 924 | BB121: 944 | BC121: 967 | BD121: 950 | BE121: 930 | BF121: 986.2 | BG121: 1010.74 | BH121: 982 | BI121: 998 | BJ121: 1064 | BK121: 1085 | BL121: 1076 | BM121: 1114 | BN121: 1177 | BO121: 1180 | BP121: 1176 | BQ121: 1254.754 | BR121: 1307.724 | BS121: 1303 | BT121: 1329.475 | BU121: 1343.953 | BV121: 1364 | BW121: 1468.676 | BX121: 1456.835 | BY121: 1467.353 | BZ121: 1497 | CA121: 1528.447 | CB121: 1490.728 | CC121: 1504.143 | CD121: 1522.506 | CE121: 1466.283 | CF121: 1541 | CH121: 3027 | CI121: 3007 | CJ121: 3059 | CK121: 3053 | CL121: 2857 | CM121: 3128 | CN121: 3938 | CO121: 3993 | CP121: 4069
B122: Average grade in ore processed | C122: g/t | F122: 1.3651345 | G122: 1.4397392 | H122: 1.3991882 | I122: 1.3388654 | J122: 1.2879593 | K122: 1.3321334 | L122: 1.3557998 | M122: 1.2863608 | N122: 1.3096257 | O122: 1.3048405 | P122: 1.3 | Q122: 1.23 | R122: 1.23 | S122: 1.2472799 | T122: 1.21 | U122: 1.23 | V122: 1.19 | W122: 1.19 | Y122: 1.3527627 | Z122: 1.4801274 | AA122: 1.3588695 | AB122: 1.265705 | AC122: 1.2768131 | AD122: 1.4346147 | AE122: 1.4312606 | AF122: 1.6110259 | AG122: 1.4128794 | AH122: 1.6139023 | AI122: 1.3332294 | AJ122: 1.2103319 | AK122: 1.2837149 | AL122: 1.3662211 | AM122: 1.3313781 | AN122: 1.3689353 | AO122: 1.2475832 | AP122: 1.2645549 | AQ122: 1.2662343 | AR122: 1.3683631 | AS122: 1.3777155 | AT122: 1.2946778 | AU122: 1.3519435 | AV122: 1.3072142 | AW122: 1.3382499 | AX122: 1.362673 | AY122: 1.3728496 | AZ122: 1.3488483 | BA122: 1.322137 | BB122: 1.2852506 | BC122: 1.2781286 | BD122: 1.2610464 | BE122: 1.2849668 | BF122: 1.351638 | BG122: 1.2915729 | BH122: 1.3093678 | BI122: 1.3369192 | BJ122: 1.2945178 | BK122: 1.307907 | BL122: 1.2822025 | BM122: 1.2848733 | BN122: 1.2694043 | BO122: 1.32 | BP122: 1.32 | BQ122: 1.229713 | BR122: 1.2451159 | BS122: 1.22 | BT122: 1.2174828 | BU122: 1.2166929 | BV122: 1.23 | BW122: 1.2060732 | BX122: 1.2479472 | BY122: 1.250514 | BZ122: 1.25 | CA122: 1.2401846 | CB122: 1.2451622 | CC122: 1.2517812 | CD122: 1.2190799 | CE122: 1.1726043 | CF122: 1.2 | CH122: 1.24 | CI122: 1.19 | CJ122: 1.21 | CK122: 1.24 | CL122: 1.16 | CM122: 1.21 | CN122: 1.23 | CO122: 1.15 | CP122: 1.18
B123: Recovery | C123: % | F123: 0.85459431 | G123: 0.84658072 | H123: 0.84274155 | I123: 0.85148207 | J123: 0.85129951 | K123: 0.86627265 | L123: 0.84163413 | M123: 0.86805229 | N123: 0.88200416 | O123: 0.88150422 | P123: 0.885 | Q123: 0.887 | R123: 0.888 | S123: 0.89004913 | T123: 0.887 | U123: 0.887 | V123: 0.883 | W123: 0.893 | Y123: 0.85469808 | Z123: 0.86940245 | AA123: 0.85232954 | AB123: 0.83853935 | AC123: 0.84221487 | AD123: 0.85467882 | AE123: 0.8512091 | AF123: 0.83823178 | AG123: 0.84396551 | AH123: 0.83536947 | AI123: 0.85704785 | AJ123: 0.83488952 | AK123: 0.83852129 | AL123: 0.86083475 | AM123: 0.86100273 | AN123: 0.84246163 | AO123: 0.85811936 | AP123: 0.84728893 | AQ123: 0.85074669 | AR123: 0.84996589 | AS123: 0.86850956 | AT123: 0.86262149 | AU123: 0.86349685 | AV123: 0.8705375 | AW123: 0.81181585 | AX123: 0.84159395 | AY123: 0.84542737 | AZ123: 0.86676031 | BA123: 0.85812602 | BB123: 0.87065357 | BC123: 0.87072944 | BD123: 0.87277817 | BE123: 0.87359764 | BF123: 0.88846134 | BG123: 0.89058822 | BH123: 0.87440782 | BI123: 0.88471311 | BJ123: 0.88378158 | BK123: 0.88268075 | BL123: 0.87491719 | BM123: 0.88370528 | BN123: 0.88325489 | BO123: 0.885 | BP123: 0.88636013 | BQ123: 0.883 | BR123: 0.889 | BS123: 0.889 | BT123: 0.887 | BU123: 0.88651695 | BV123: 0.889 | BW123: 0.88751641 | BX123: 0.89 | BY123: 0.88979259 | BZ123: 0.891 | CA123: 0.88953276 | CB123: 0.89032846 | CC123: 0.88935899 | CD123: 0.88762318 | CE123: 0.88444842 | CF123: 0.884 | CH123: 0.889 | CI123: 0.884 | CJ123: 0.887 | CK123: 0.887 | CL123: 0.886 | CM123: 0.88 | CN123: 0.89 | CO123: 0.897 | CP123: 0.894
B124: Doré gold, koz | F124: 140.062 | G124: 145.74115 | H124: 131.89499 | I124: 119.9668 | J124: 118.13523 | K124: 136.93171 | L124: 138.4588 | M124: 136.16196 | N124: 146.23113 | O124: 157.91975 | P124: 171.8 | Q124: 181.5 | R124: 197.7 | S124: 214.9 | T124: 207.3 | U124: 214.7 | V124: 200.5 | W124: 268 | Y124: 32.338578 | Z124: 40.292213 | AA124: 36.439405 | AB124: 30.991802 | AC124: 30.75426 | AD124: 37.676071 | AE124: 37.179287 | AF124: 40.131536 | AG124: 34.080402 | AH124: 39.013243 | AI124: 32.489201 | AJ124: 26.312145 | AK124: 25.234327 | AL124: 33.806941 | AM124: 31.01706 | AN124: 29.908473 | AO124: 26.845269 | AP124: 30.601505 | AQ124: 29.068422 | AR124: 31.620031 | AS124: 33.530911 | AT124: 33.775877 | AU124: 35.064006 | AV124: 34.560914 | AW124: 33.907123 | AX124: 34.419946 | AY124: 34.970058 | AZ124: 35.16167 | BA124: 34.535576 | BB124: 33.544958 | BC124: 34.57018 | BD124: 33.511245 | BE124: 33.412001 | BF124: 39.387722 | BG124: 36.830112 | BH124: 36.601292 | BI124: 37.870355 | BJ124: 39.918064 | BK124: 41.17064 | BL124: 38.960693 | BM124: 40.57099 | BN124: 41.545987 | BO124: 44.3 | BP124: 45.4 | BQ124: 44.2 | BR124: 46.201775 | BS124: 45.6 | BT124: 45.5 | BU124: 47.208327 | BV124: 48.2 | BW124: 50.3 | BX124: 52 | BY124: 52.298118 | BZ124: 54 | CA124: 54.754208 | CB124: 53.806321 | CC124: 53.190792 | CD124: 52.577134 | CE124: 49.417098 | CF124: 52.1 | CH124: 105.8 | CI124: 101.5 | CJ124: 105.8 | CK124: 108.9 | CL124: 94.4 | CM124: 106.1 | CN124: 136.1 | CO124: 131.9 | CP124: 139.5
B125: Heap-leach
B126: Ore processed | F126: 0 | G126: 0 | H126: 0 | I126: 0 | J126: 0 | K126: 0 | L126: 0 | M126: 0 | N126: 0 | O126: 0 | P126: 54 | Q126: 1514 | R126: 1248 | S126: 1580 | T126: 1788 | U126: 1655 | V126: 1832 | W126: 2054 | Y126: 0 | Z126: 0 | AA126: 0 | AB126: 0 | AC126: 0 | AD126: 0 | AE126: 0 | AF126: 0 | AG126: 0 | AH126: 0 | AI126: 0 | AJ126: 0 | AK126: 0 | AL126: 0 | AM126: 0 | AN126: 0 | AO126: 0 | AP126: 0 | AQ126: 0 | AR126: 0 | AS126: 0 | AT126: 0 | AU126: 0 | AV126: 0 | AW126: 0 | AX126: 0 | AY126: 0 | AZ126: 0 | BA126: 0 | BB126: 0 | BC126: 0 | BD126: 0 | BE126: 0 | BF126: 0 | BG126: 0 | BH126: 0 | BI126: 0 | BJ126: 0 | BK126: 0 | BL126: 0 | BM126: 0 | BN126: 0 | BO126: 54.2 | BP126: 0 | BQ126: 0 | BR126: 338 | BS126: 1030 | BT126: 145.749 | BU126: 0 | BV126: 356 | BW126: 843.745 | BX126: 47.79 | BY126: - | BZ126: 670 | CA126: 910 | CB126: - | CC126: 0 | CD126: 757.096 | CE126: 892.9023 | CF126: 138 | CH126: 757 | CI126: 1031 | CJ126: 573 | CK126: 1082 | CL126: 604 | CM126: 1228 | CN126: 718 | CO126: 1336 | CP126: 765
B127: Average grade in ore processed | F127: 0 | G127: 0 | H127: 0 | I127: 0 | J127: 0 | K127: 0 | L127: 0 | M127: 0 | N127: 0 | O127: 0 | P127: 0.75 | Q127: 0.75 | R127: 0.76 | S127: 0.71188317 | T127: 0.68 | U127: 0.79 | V127: 0.9 | W127: 0.84 | Y127: 0 | Z127: 0 | AA127: 0 | AB127: 0 | AC127: 0 | AD127: 0 | AE127: 0 | AF127: 0 | AG127: 0 | AH127: 0 | AI127: 0 | AJ127: 0 | AK127: 0 | AL127: 0 | AM127: 0 | AN127: 0 | AO127: 0 | AP127: 0 | AQ127: 0 | AR127: 0 | AS127: 0 | AT127: 0 | AU127: 0 | AV127: 0 | AW127: 0 | AX127: 0 | AY127: 0 | AZ127: 0 | BA127: 0 | BB127: 0 | BC127: 0 | BD127: 0 | BE127: 0 | BF127: 0 | BG127: 0 | BH127: 0 | BI127: 0 | BJ127: 0 | BK127: 0 | BL127: 0 | BM127: 0 | BN127: 0 | BO127: 0.75 | BP127: 0 | BQ127: 0 | BR127: 0.74759607 | BS127: 0.75 | BT127: 0.73143747 | BU127: 0 | BV127: 0.73 | BW127: 0.77565223 | BX127: 0.7719209 | BY127: - | BZ127: 0.72 | CA127: 0.70327931 | CB127: - | CC127: 0 | CD127: 0.67430305 | CE127: 0.66645004 | CF127: 0.75 | CH127: 0.67 | CI127: 0.68 | CJ127: 0.76 | CK127: 0.81 | CL127: 0.85 | CM127: 0.93 | CN127: 0.87 | CO127: 0.82 | CP127: 0.83
B128: Recovery | F128: 0 | G128: 0 | H128: 0 | I128: 0 | J128: 0 | K128: 0 | L128: 0 | M128: 0 | N128: 0 | O128: 0 | P128: 0 | Q128: 0.723 | R128: 0.723 | S128: 0.72279999 | T128: 0.723 | U128: 0.723 | V128: 0.723 | W128: 0.723 | Y128: 0 | Z128: 0 | AA128: 0 | AB128: 0 | AC128: 0 | AD128: 0 | AE128: 0 | AF128: 0 | AG128: 0 | AH128: 0 | AI128: 0 | AJ128: 0 | AK128: 0 | AL128: 0 | AM128: 0 | AN128: 0 | AO128: 0 | AP128: 0 | AQ128: 0 | AR128: 0 | AS128: 0 | AT128: 0 | AU128: 0 | AV128: 0 | AW128: 0 | AX128: 0 | AY128: 0 | AZ128: 0 | BA128: 0 | BB128: 0 | BC128: 0 | BD128: 0 | BE128: 0 | BF128: 0 | BG128: 0 | BH128: 0 | BI128: 0 | BJ128: 0 | BK128: 0 | BL128: 0 | BM128: 0 | BN128: 0 | BO128: 0 | BP128: 0 | BQ128: 0 | BR128: 0.72 | BS128: 0.723 | BT128: 0.722 | BU128: 0 | BV128: 0.723 | BW128: 0.723 | BX128: 0.723 | BY128: - | BZ128: 0.723 | CA128: 0.7228 | CB128: - | CC128: 0 | CD128: 0.723 | CE128: 0.7228 | CF128: 0.723 | CH128: 0.723 | CI128: 0.723 | CJ128: 0.723 | CK128: 0.723 | CL128: 0.723 | CM128: 0.723 | CN128: 0.723 | CO128: 0.723 | CP128: 0.77
B129: Doré gold, koz | F129: 0 | G129: 0 | H129: 0 | I129: 0 | J129: 0 | K129: 0 | L129: 0 | M129: 0 | N129: 0 | O129: 0 | P129: 0.553584 | Q129: 18.2 | R129: 27.9 | S129: 28.068893 | T129: 28.8 | U129: 30.3 | V129: 38.2 | W129: 41.9 | Y129: 0 | Z129: 0 | AA129: 0 | AB129: 0 | AC129: 0 | AD129: 0 | AE129: 0 | AF129: 0 | AG129: 0 | AH129: 0 | AI129: 0 | AJ129: 0 | AK129: 0 | AL129: 0 | AM129: 0 | AN129: 0 | AO129: 0 | AP129: 0 | AQ129: 0 | AR129: 0 | AS129: 0 | AT129: 0 | AU129: 0 | AV129: 0 | AW129: 0 | AX129: 0 | AY129: 0 | AZ129: 0 | BA129: 0 | BB129: 0 | BC129: 0 | BD129: 0 | BE129: 0 | BF129: 0 | BG129: 0 | BH129: 0 | BI129: 0 | BJ129: 0 | BK129: 0 | BL129: 0 | BM129: 0 | BN129: 0 | BO129: 0 | BP129: 0.553584 | BQ129: 0 | BR129: 2.5 | BS129: 9.2 | BT129: 6.5 | BU129: 0 | BV129: 6.1 | BW129: 17.4 | BX129: 4.4 | BY129: - | BZ129: 5.8 | CA129: 14.892205 | CB129: 7.4 | CC129: 0 | CD129: 6.2400212 | CE129: 16.28284 | CF129: 6.3 | CH129: 6.2 | CI129: 22.6 | CJ129: 5.9 | CK129: 24.4 | CL129: 9 | CM129: 29.2 | CN129: 12.1 | CO129: 29.8 | CP129: 14.6
...

Sheet Check to FY2024 Data
B2: PJSC POLYUS | X2: QUARTERLY | CG2: SEMI-ANNUAL
B4: OPERATING RESULTS* | F4: 2007 | G4: 2008 | H4: 2009 | I4: 2010 | J4: 2011 | K4: 2012 | L4: 2013 | M4: 2014 | N4: 2015 | O4: 2016 | P4: 2017 | Q4: 2018 | R4: 2019 | S4: 2020 | T4: 2021 | U4: 2022 | V4: 2023 | W4: 2024 | X4: DATA | Y4: 1Q'07 | Z4: 2Q'07 | AA4: 3Q'07 | AB4: 4Q'07 | AC4: 1Q'08 | AD4: 2Q'08 | AE4: 3Q'08 | AF4: 4Q'08 | AG4: 1Q'09 | AH4: 2Q'09 | AI4: 3Q'09 | AJ4: 4Q'09 | AK4: 1Q'10 | AL4: 2Q'10 | AM4: 3Q'10 | AN4: 4Q'10 | AO4: 1Q'11 | AP4: 2Q'11 | AQ4: 3Q'11 | AR4: 4Q'11 | AS4: 1Q'12 | AT4: 2Q'12 | AU4: 3Q'12 | AV4: 4Q'12 | AW4: 1Q'13 | AX4: 2Q'13 | AY4: 3Q'13 | AZ4: 4Q'13 | BA4: 1Q'14 | BB4: 2Q'14 | BC4: 3Q'14 | BD4: 4Q'14 | BE4: 1Q'15 | BF4: 2Q'15 | BG4: 3Q'15 | BH4: 4Q'15 | BI4: 1Q'16 | BJ4: 2Q'16 | BK4: 3Q'16 | BL4: 4Q'16 | BM4: 1Q'17 | BN4: 2Q'17 | BO4: 3Q'17 | BP4: 4Q'17 | BQ4: 1Q'18 | BR4: 2Q'18 | BS4: 3Q'18 | BT4: 4Q'18 | BU4: 1Q'19 | BV4: 2Q'19 | BW4: 3Q'19 | BX4: 4Q'19 | BY4: 1Q'20 | BZ4: 2Q'20 | CA4: 3Q'20 | CB4: 4Q'20 | CC4: 1Q'21 | CD4: 2Q'21 | CE4: 3Q'21 | CF4: 4Q'21 | CG4: DATA | CH4: 1H'21 | CI4: 2H'21 | CJ4: 1H'22 | CK4: 2H'22 | CL4: 1H'23 | CM4: 2H'23 | CN4: 1H'24 | CO4: 2H'24
Y5: 39172 | Z5: 39263 | AA5: 39355 | AB5: 39447 | AC5: 39538 | AD5: 39629 | AE5: 39721 | AF5: 39813 | AG5: 39903 | AH5: 39994 | AI5: 40086 | AJ5: 40178 | AK5: 40268 | AL5: 40359 | AM5: 40451 | AN5: 40543 | AO5: 40633 | AP5: 40724 | AQ5: 40816 | AR5: 40908 | AS5: 40999 | AT5: 41090 | AU5: 41182 | AV5: 41274 | AW5: 41364 | AX5: 41455 | AY5: 41547 | AZ5: 41639 | BA5: 41729 | BB5: 41820 | BC5: 41912 | BD5: 42004 | BE5: 42094 | BF5: 42185 | BG5: 42277 | BH5: 42369 | BI5: 42460 | BJ5: 42551 | BK5: 42643 | BL5: 42735 | BM5: 42825 | BN5: 42916
G6: 2008 | H6: 2009 | I6: 2010 | J6: 2011 | K6: 2012 | L6: 2013 | M6: 2014 | N6: 2015 | O6: 2016 | Y6: 2007 | Z6: 2007 | AA6: 2007 | AB6: 2007 | AC6: 2008 | AD6: 2008 | AE6: 2008 | AF6: 2008 | AG6: 2009 | AH6: 2009 | AI6: 2009 | AJ6: 2009 | AK6: 2010 | AL6: 2010 | AM6: 2010 | AN6: 2010 | AO6: 2011 | AP6: 2011 | AQ6: 2011 | AR6: 2011 | AS6: 2012 | AT6: 2012 | AU6: 2012 | AV6: 2012 | AW6: 2013 | AX6: 2013 | AY6: 2013 | AZ6: 2013 | BA6: 2014 | BB6: 2014 | BC6: 2014 | BD6: 2014 | BE6: 2015 | BF6: 2015 | BG6: 2015 | BH6: 2015 | BI6: 2016 | BJ6: 2016 | BK6: 2016 | BL6: 2016 | BM6: 2017 | BN6: 2017
G7: 4 | H7: 4 | I7: 4 | J7: 4 | K7: 4 | L7: 4 | M7: 4 | N7: 4 | O7: 4 | Y7: 1 | Z7: 2 | AA7: 3 | AB7: 4 | AC7: 1 | AD7: 2 | AE7: 3 | AF7: 4 | AG7: 1 | AH7: 2 | AI7: 3 | AJ7: 4 | AK7: 1 | AL7: 2 | AM7: 3 | AN7: 4 | AO7: 1 | AP7: 2 | AQ7: 3 | AR7: 4 | AS7: 1 | AT7: 2 | AU7: 3 | AV7: 4 | AW7: 1 | AX7: 2 | AY7: 3 | AZ7: 4 | BA7: 1 | BB7: 2 | BC7: 3 | BD7: 4 | BE7: 1 | BF7: 2 | BG7: 3 | BH7: 4 | BI7: 1 | BJ7: 2 | BK7: 3 | BL7: 4 | BM7: 1 | BN7: 2
B10: CONSOLIDATED OPERATING RESULTS
B12: Mining
B13: Total rock moved | C13: 000 m3 | F13: 49474 | G13: 50759.2 | H13: 48477.1 | I13: 55609.719 | J13: 53466.339 | K13: 66703.426 | L13: 66351.174 | M13: 71238.621 | N13: 64505.2 | O13: 58073.24 | P13: 88417.645 | Q13: 116987.17 | R13: =Sheet1!R13-[1]Sheet1!R13 -> #ERROR! | S13: =Sheet1!S13-[1]Sheet1!S13 -> #ERROR! | T13: =Sheet1!T13-[1]Sheet1!T13 -> #ERROR! | U13: =Sheet1!U13-[1]Sheet1!U13 -> #ERROR! | V13: =Sheet1!V13-[1]Sheet1!V13 -> #ERROR! | W13: =Sheet1!W13-[1]Sheet1!W13 -> #ERROR! | Y13: 11240.8 | Z13: 11979.8 | AA13: 13172.6 | AB13: 13080.8 | AC13: 12297.8 | AD13: 12126.3 | AE13: 13092.3 | AF13: 13242.8 | AG13: 12336.1 | AH13: 10996.8 | AI13: 11060.4 | AJ13: 14083.8 | AK13: 12672.7 | AL13: 14100.84 | AM13: 14789.399 | AN13: 14046.78 | AO13: 12839.44 | AP13: 13033.499 | AQ13: 13535.6 | AR13: 14057.8 | AS13: 16052.224 | AT13: 16420 | AU13: 16955.787 | AV13: 17275.415 | AW13: 16764.84 | AX13: 15985.079 | AY13: 16653.765 | AZ13: 16947.49 | BA13: 16828.727 | BB13: 17943.646 | BC13: 19077.702 | BD13: 17388.546 | BE13: 16111.269 | BF13: 15897.364 | BG13: 16447.244 | BH13: 16049.324 | BI13: 15147.421 | BJ13: 13286.463 | BK13: 14608.546 | BL13: 15030.809 | BM13: 18577.86 | BN13: 20675.019 | BO13: 24435.882 | BP13: 24728.884 | BQ13: 26133.841 | BR13: 28319.993 | BS13: 31239.5 | BT13: 31293.839 | BU13: 30210.605 | BV13: 31582.96 | BW13: 33738.058 | BX13: 32420.617 | BY13: 32372.793 | BZ13: 28909.286 | CA13: 32210.497 | CB13: 30741 | CC13: 31587.145 | CD13: 33120.136 | CE13: 35728.513 | CF13: 35994.131 | CH13: =Sheet1!CH13-[1]Sheet1!CH13 -> #ERROR! | CI13: =Sheet1!CI13-[1]Sheet1!CI13 -> #ERROR! | CJ13: =Sheet1!CJ13-[1]Sheet1!CJ13 -> #ERROR! | CK13: =Sheet1!CK13-[1]Sheet1!CK13 -> #ERROR! | CL13: =Sheet1!CL13-[1]Sheet1!CL13 -> #ERROR! | CM13: =Sheet1!CM13-[1]Sheet1!CM13 -> #ERROR! | CN13: =Sheet1!CN13-[1]Sheet1!CN13 -> #ERROR! | CO13: =Sheet1!CO13-[1]Sheet1!CO13 -> #ERROR!
B14: Stripping | C14: 000 m3 | F14: 44255.4 | G14: 47543.4 | H14: 40990.8 | I14: 46878.11 | J14: 45316.98 | K14: 57255.939 | L14: 54551.748 | M14: 59447.684 | N14: 55628.078 | O14: 46326.125 | P14: 73419.891 | Q14: 99480.959 | R14: =Sheet1!R14-[1]Sheet1!R14 -> #ERROR! | S14: =Sheet1!S14-[1]Sheet1!S14 -> #ERROR! | T14: =Sheet1!T14-[1]Sheet1!T14 -> #ERROR! | U14: =Sheet1!U14-[1]Sheet1!U14 -> #ERROR! | V14: =Sheet1!V14-[1]Sheet1!V14 -> #ERROR! | W14: =Sheet1!W14-[1]Sheet1!W14 -> #ERROR! | Y14: 9493.2 | Z14: 10798.2 | AA14: 11986.7 | AB14: 11977.3 | AC14: 11517.8 | AD14: 11304.9 | AE14: 12215.2 | AF14: 12505.5 | AG14: 11029.6 | AH14: 9176.5 | AI14: 8844 | AJ14: 11940.7 | AK14: 10508.5 | AL14: 11879.9 | AM14: 12714.07 | AN14: 11775.64 | AO14: 10633.84 | AP14: 10970.28 | AQ14: 11678.23 | AR14: 12034.63 | AS14: 13352.909 | AT14: 13959.84 | AU14: 14725.86 | AV14: 15217.33 | AW14: 14186.86 | AX14: 12906.747 | AY14: 13532.922 | AZ14: 13925.22 | BA14: 12986.471 | BB14: 14632.106 | BC14: 16547.34 | BD14: 15281.767 | BE14: 14084.787 | BF14: 13594.275 | BG14: 14237.598 | BH14: 13711.418 | BI14: 12435.395 | BJ14: 10534.153 | BK14: 11892.836 | BL14: 11463.741 | BM14: 15169.448 | BN14: 17003.116 | BO14: 20478.305 | BP14: 20769.021 | BQ14: 22583.242 | BR14: 24443.357 | BS14: 25988.519 | BT14: 26465.841 | BU14: 24663.929 | BV14: 25231.141 | BW14: 26703.959 | BX14: 24964.445 | BY14: 25251.044 | BZ14: 21972.517 | CA14: 24879.049 | CB14: 24040.997 | CC14: 25065.507 | CD14: 26351.385 | CE14: 28957.238 | CF14: 29337.378 | CH14: =Sheet1!CH14-[1]Sheet1!CH14 -> #ERROR! | CI14: =Sheet1!CI14-[1]Sheet1!CI14 -> #ERROR! | CJ14: =Sheet1!CJ14-[1]Sheet1!CJ14 -> #ERROR! | CK14: =Sheet1!CK14-[1]Sheet1!CK14 -> #ERROR! | CL14: =Sheet1!CL14-[1]Sheet1!CL14 -> #ERROR! | CM14: =Sheet1!CM14-[1]Sheet1!CM14 -> #ERROR! | CN14: =Sheet1!CN14-[1]Sheet1!CN14 -> #ERROR! | CO14: =Sheet1!CO14-[1]Sheet1!CO14 -> #ERROR!
B15: Stripping ratio | C15: m3/t | F15: 4.7195188 | G15: 7.2307154 | H15: 2.282275 | I15: 2.171984 | J15: 2.2427523 | K15: 2.432232 | L15: 1.5976795 | M15: 1.9895471 | N15: 2.5271153 | O15: 1.5607303 | P15: 1.9418115 | Q15: 2.3221062 | R15: =Sheet1!R15-[1]Sheet1!R15 -> #ERROR! | S15: =Sheet1!S15-[1]Sheet1!S15 -> #ERROR! | T15: =Sheet1!T15-[1]Sheet1!T15 -> #ERROR! | U15: =Sheet1!U15-[1]Sheet1!U15 -> #ERROR! | V15: =Sheet1!V15-[1]Sheet1!V15 -> #ERROR! | W15: =Sheet1!W15-[1]Sheet1!W15 -> #ERROR! | Y15: 2.5836055 | Z15: 5.4202389 | AA15: 5.7509476 | AB15: 7.3652072 | AC15: 7.3305754 | AD15: 6.5937008 | AE15: 6.6405001 | AF15: 8.6244828 | AG15: 3.7230717 | AH15: 2.1362557 | AI15: 1.6338143 | AJ15: 2.2575199 | AK15: 1.9695805 | AL15: 2.1765992 | AM15: 2.4628131 | AN15: 2.0926082 | AO15: 1.9238029 | AP15: 2.1446257 | AQ15: 2.5501956 | AR15: 2.4147165 | AS15: 1.9730146 | AT15: 2.2648006 | AU15: 2.6415432 | AV15: 3.0228043 | AW15: 2.0137 | AX15: 1.4776626 | AY15: 1.5048463 | AZ15: 1.485875 | BA15: 1.3169155 | BB15: 1.7298207 | BC15: 2.6079088 | BD15: 2.9303889 | BE15: 2.807955 | BF15: 2.3544559 | BG15: 2.6189812 | BH15: 2.369639 | BI15: 1.8201588 | BJ15: 1.5161949 | BK15: 1.7443807 | BL15: 1.2618672 | BM15: 1.759813 | BN15: 1.8461579 | BO15: 2.0654897 | BP15: 2.0634894 | BQ15: 2.5601571 | BR15: 2.6234167 | BS15: 2.0508307 | BT15: 2.1999454 | BU15: 1.7712052 | BV15: 1.6110861 | BW15: 1.5279369 | BX15: 1.3131579 | BY15: 1.3854201 | BZ15: 1.2653916 | CA15: 1.3622617 | CB15: 1.3895227 | CC15: 1.5064184 | CD15: 1.5476812 | CE15: 1.7208735 | CF15: 1.7433396 | CH15: =Sheet1!CH15-[1]Sheet1!CH15 -> #ERROR! | CI15: =Sheet1!CI15-[1]Sheet1!CI15 -> #ERROR! | CJ15: =Sheet1!CJ15-[1]Sheet1!CJ15 -> #ERROR! | CK15: =Sheet1!CK15-[1]Sheet1!CK15 -> #ERROR! | CL15: =Sheet1!CL15-[1]Sheet1!CL15 -> #ERROR! | CM15: =Sheet1!CM15-[1]Sheet1!CM15 -> #ERROR! | CN15: =Sheet1!CN15-[1]Sheet1!CN15 -> #ERROR! | CO15: =Sheet1!CO15-[1]Sheet1!CO15 -> #ERROR!
B16: Ore mined | C16: kT | F16: 9377.1 | G16: 6575.2 | H16: 17960.5 | I16: 21583.083 | J16: 20205.968 | K16: 23540.492 | L16: 34144.363 | M16: 29880.009 | N16: 22012.481 | O16: 29682.338 | P16: 37810 | Q16: 42840.83 | R16: =Sheet1!R16-[1]Sheet1!R16 -> #ERROR! | S16: =Sheet1!S16-[1]Sheet1!S16 -> #ERROR! | T16: =Sheet1!T16-[1]Sheet1!T16 -> #ERROR! | U16: =Sheet1!U16-[1]Sheet1!U16 -> #ERROR! | V16: =Sheet1!V16-[1]Sheet1!V16 -> #ERROR! | W16: =Sheet1!W16-[1]Sheet1!W16 -> #ERROR! | Y16: 3674.4 | Z16: 1992.2 | AA16: 2084.3 | AB16: 1626.2 | AC16: 1571.2 | AD16: 1714.5 | AE16: 1839.5 | AF16: 1450 | AG16: 2962.5 | AH16: 4295.6 | AI16: 5413.1 | AJ16: 5289.3 | AK16: 5335.4 | AL16: 5458.01 | AM16: 5162.4178 | AN16: 5627.255 | AO16: 5527.51 | AP16: 5115.2423 | AQ16: 4579.3468 | AR16: 4983.8687 | AS16: 6767.77 | AT16: 6163.8275 | AU16: 5574.7186 | AV16: 5034.1764 | AW16: 7045.1706 | AX16: 8734.5694 | AY16: 8992.8929 | AZ16: 9371.7302 | BA16: 9861.279 | BB16: 8458.741 | BC16: 6345.0609 | BD16: 5214.9279 | BE16: 5016.03 | BF16: 5773.85 | BG16: 5436.3115 | BH16: 5786.2898 | BI16: 6832.0386 | BJ16: 6947.7562 | BK16: 6817.7986 | BL16: 9084.7446 | BM16: 8619.9207 | BN16: 9210.0008 | BO16: 9914.5039 | BP16: 10065 | BQ16: 8821.0377 | BR16: 9317.3747 | BS16: 12673 | BT16: 12030.227 | BU16: 13946.34 | BV16: 15660.952 | BW16: 17477.135 | BX16: 19011 | BY16: 18226.272 | BZ16: 17364.203 | CA16: 18264 | CB16: 17301 | CC16: 16639.141 | CD16: 17027 | CE16: 16827.058 | CF16: 16828.264 | CH16: =Sheet1!CH16-[1]Sheet1!CH16 -> #ERROR! | CI16: =Sheet1!CI16-[1]Sheet1!CI16 -> #ERROR! | CJ16: =Sheet1!CJ16-[1]Sheet1!CJ16 -> #ERROR! | CK16: =Sheet1!CK16-[1]Sheet1!CK16 -> #ERROR! | CL16: =Sheet1!CL16-[1]Sheet1!CL16 -> #ERROR! | CM16: =Sheet1!CM16-[1]Sheet1!CM16 -> #ERROR! | CN16: =Sheet1!CN16-[1]Sheet1!CN16 -> #ERROR! | CO16: =Sheet1!CO16-[1]Sheet1!CO16 -> #ERROR!
B17: Average grade in ore mined | C17: g/t | F17: 4.169786 | G17: 1.7677485 | H17: 2.5018847 | I17: 2.4118227 | J17: 2.4247284 | K17: 2.3677328 | L17: 2.3800896 | M17: 2.0131631 | N17: 1.8714069 | O17: 2.3559662 | P17: 2.4553028 | Q17: 2.3780405 | R17: =Sheet1!R17-[1]Sheet1!R17 -> #ERROR! | S17: =Sheet1!S17-[1]Sheet1!S17 -> #ERROR! | T17: =Sheet1!T17-[1]Sheet1!T17 -> #ERROR! | U17: =Sheet1!U17-[1]Sheet1!U17 -> #ERROR! | V17: =Sheet1!V17-[1]Sheet1!V17 -> #ERROR! | W17: =Sheet1!W17-[1]Sheet1!W17 -> #ERROR! | Y17: 5.7611311 | Z17: 3.4759562 | AA17: 3.2726575 | AB17: 2.5739761 | AC17: 1.9044679 | AD17: 1.8424614 | AE17: 1.6742049 | AF17: 1.649931 | AG17: 1.9494346 | AH17: 2.2961402 | AI17: 2.858787 | AJ17: 2.6131435 | AK17: 2.5403213 | AL17: 2.2832983 | AM17: 2.3209962 | AN17: 2.4979716 | AO17: 2.4226242 | AP17: 2.3207251 | AQ17: 2.4187264 | AR17: 2.5393219 | AS17: 2.473379 | AT17: 2.4117756 | AU17: 2.2935633 | AV17: 2.2539133 | AW17: 2.2793029 | AX17: 2.474296 | AY17: 2.3826513 | AZ17: 2.3655962 | BA17: 2.3149365 | BB17: 2.0782288 | BC17: 1.7140387 | BD17: 1.7009284 | BE17: 1.8444524 | BF17: 1.8872743 | BG17: 1.815472 | BH17: 1.9314917 | BI17: 2.0802787 | BJ17: 2.3108874 | BK17: 2.3430781 | BL17: 2.6074397 | BM17: 2.5365385 | BN17: 2.4930213 | BO17: 2.4438756 | BP17: 2.3611575 | BQ17: 2.4330593 | BR17: 2.4380291 | BS17: 2.3126105 | BT17: 2.360159 | BU17: 2.0599898 | BV17: 2.1072902 | BW17: 1.9001312 | BX17: 1.7750233 | BY17: 1.7021282 | BZ17: 1.8670152 | CA17: 1.7844092 | CB17: 1.7087818 | CC17: 1.714072 | CD17: 1.7834139 | CE17: 1.4735217 | CF17: 1.5611348 | CH17: =Sheet1!CH17-[1]Sheet1!CH17 -> #ERROR! | CI17: =Sheet1!CI17-[1]Sheet1!CI17 -> #ERROR! | CJ17: =Sheet1!CJ17-[1]Sheet1!CJ17 -> #ERROR! | CK17: =Sheet1!CK17-[1]Sheet1!CK17 -> #ERROR! | CL17: =Sheet1!CL17-[1]Sheet1!CL17 -> #ERROR! | CM17: =Sheet1!CM17-[1]Sheet1!CM17 -> #ERROR! | CN17: =Sheet1!CN17-[1]Sheet1!CN17 -> #ERROR! | CO17: =Sheet1!CO17-[1]Sheet1!CO17 -> #ERROR!
B19: Processing
B20: Ore processed | C20: kT | F20: 10518.569 | G20: 10814.122 | H20: 13930.592 | I20: 18230.309 | J20: 20160.756 | K20: 21757.982 | L20: 22481 | M20: 23743 | N20: 24823 | O20: 26445 | P20: 28663.272 | Q20: 38024.578 | R20: =Sheet1!R20-[1]Sheet1!R20 -> #ERROR! | S20: =Sheet1!S20-[1]Sheet1!S20 -> #ERROR! | T20: =Sheet1!T20-[1]Sheet1!T20 -> #ERROR! | U20: =Sheet1!U20-[1]Sheet1!U20 -> #ERROR! | V20: =Sheet1!V20-[1]Sheet1!V20 -> #ERROR! | W20: =Sheet1!W20-[1]Sheet1!W20 -> #ERROR! | Y20: 2226.6816 | Z20: 2386.865 | AA20: 3071.4328 | AB20: 2833.5897 | AC20: 2143.549 | AD20: 2850.262 | AE20: 2694.541 | AF20: 3125.77 | AG20: 3319.5813 | AH20: 3318.205 | AI20: 3402.001 | AJ20: 3890.805 | AK20: 3848.13 | AL20: 4645.6 | AM20: 4807.34 | AN20: 4929.239 | AO20: 5081.621 | AP20: 4806.623 | AQ20: 5191.855 | AR20: 5080.657 | AS20: 5248.8818 | AT20: 5141.101 | AU20: 5590.378 | AV20: 5777.621 | AW20: 5280 | AX20: 5680 | AY20: 5776 | AZ20: 5745 | BA20: 5633 | BB20: 6016 | BC20: 6053 | BD20: 6041 | BE20: 5978 | BF20: 6143 | BG20: 6322 | BH20: 6380 | BI20: 6396 | BJ20: 6535 | BK20: 6521 | BL20: 6993 | BM20: 6630 | BN20: 6925 | BO20: 7299.2724 | BP20: 7809 | BQ20: 8491.7653 | BR20: 9872 | BS20: 10382 | BT20: 9278.7121 | BU20: 10283.953 | BV20: 10900.821 | BW20: 11366.088 | BX20: 11527 | BY20: 10698.374 | BZ20: 11753 | CA20: 12224 | CB20: 10438 | CC20: 11126.002 | CD20: 12169 | CE20: 12722 | CF20: 11878 | CH20: =Sheet1!CH20-[1]Sheet1!CH20 -> #ERROR! | CI20: =Sheet1!CI20-[1]Sheet1!CI20 -> #ERROR! | CJ20: =Sheet1!CJ20-[1]Sheet1!CJ20 -> #ERROR! | CK20: =Sheet1!CK20-[1]Sheet1!CK20 -> #ERROR! | CL20: =Sheet1!CL20-[1]Sheet1!CL20 -> #ERROR! | CM20: =Sheet1!CM20-[1]Sheet1!CM20 -> #ERROR! | CN20: =Sheet1!CN20-[1]Sheet1!CN20 -> #ERROR! | CO20: =Sheet1!CO20-[1]Sheet1!CO20 -> #ERROR!
B21: Average grade in ore processed | C21: g/t | F21: 3.6381165 | G21: 3.7090189 | H21: 3.1589391 | I21: 2.6151055 | J21: 2.4918542 | K21: 2.4753478 | L21: 2.4911036 | M21: 2.51412 | N21: 2.428159 | O21: 2.5402635 | P21: 2.698494 | Q21: 2.404956 | R21: =Sheet1!R21-[1]Sheet1!R21 -> #ERROR! | S21: =Sheet1!S21-[1]Sheet1!S21 -> #ERROR! | T21: =Sheet1!T21-[1]Sheet1!T21 -> #ERROR! | U21: =Sheet1!U21-[1]Sheet1!U21 -> #ERROR! | V21: =Sheet1!V21-[1]Sheet1!V21 -> #ERROR! | W21: =Sheet1!W21-[1]Sheet1!W21 -> #ERROR! | Y21: 3.411417 | Z21: 3.5927865 | AA21: 3.671789 | AB21: 3.8179454 | AC21: 3.3743623 | AD21: 4.6143915 | AE21: 3.450402 | AF21: 3.3358813 | AG21: 3.0527334 | AH21: 3.1424766 | AI21: 3.676075 | AJ21: 2.8114242 | AK21: 2.5530466 | AL21: 2.5755923 | AM21: 2.6161662 | AN21: 2.6997583 | AO21: 2.4932009 | AP21: 2.4192634 | AQ21: 2.4601472 | AR21: 2.5915835 | AS21: 2.4838084 | AT21: 2.5099231 | AU21: 2.4183859 | AV21: 2.4920113 | AW21: 2.4774749 | AX21: 2.472836 | AY21: 2.5444179 | AZ21: 2.4680881 | BA21: 2.4669507 | BB21: 2.5103353 | BC21: 2.5022045 | BD21: 2.573812 | BE21: 2.4313944 | BF21: 2.5325774 | BG21: 2.3693281 | BH21: 2.3828841 | BI21: 2.3902954 | BJ21: 2.3564058 | BK21: 2.5760735 | BL21: 2.8158516 | BM21: 2.5778287 | BN21: 2.6975835 | BO21: 2.8445642 | BP21: 2.6521273 | BQ21: 2.5206099 | BR21: 2.3668405 | BS21: 2.32 | BT21: 2.4300066 | BU21: 2.4108559 | BV21: 2.3593021 | BW21: 2.2995297 | BX21: 2.3997457 | BY21: 2.1996022 | BZ21: 2.24 | CA21: 2.25 | CB21: 2.3052993 | CC21: 2.1778314 | CD21: 2.1 | CE21: 2.1 | CF21: 2.12 | CH21: =Sheet1!CH21-[1]Sheet1!CH21 -> #ERROR! | CI21: =Sheet1!CI21-[1]Sheet1!CI21 -> #ERROR! | CJ21: =Sheet1!CJ21-[1]Sheet1!CJ21 -> #ERROR! | CK21: =Sheet1!CK21-[1]Sheet1!CK21 -> #ERROR! | CL21: =Sheet1!CL21-[1]Sheet1!CL21 -> #ERROR! | CM21: =Sheet1!CM21-[1]Sheet1!CM21 -> #ERROR! | CN21: =Sheet1!CN21-[1]Sheet1!CN21 -> #ERROR! | CO21: =Sheet1!CO21-[1]Sheet1!CO21 -> #ERROR!
B22: Recovery | C22: % | F22: 0.84677869 | G22: 0.82287174 | H22: 0.74946314 | I22: 0.71883009 | J22: 0.76104718 | K22: 0.78543865 | L22: 0.78992988 | M22: 0.81017695 | N22: 0.83713884 | O22: 0.83886561 | P22: 0.834 | Q22: 0.808 | R22: =Sheet1!R22-[1]Sheet1!R22 -> #ERROR! | S22: =Sheet1!S22-[1]Sheet1!S22 -> #ERROR! | T22: =Sheet1!T22-[1]Sheet1!T22 -> #ERROR! | U22: =Sheet1!U22-[1]Sheet1!U22 -> #ERROR! | V22: =Sheet1!V22-[1]Sheet1!V22 -> #ERROR! | W22: =Sheet1!W22-[1]Sheet1!W22 -> #ERROR! | Y22: 0.88739155 | Z22: 0.8799866 | AA22: 0.82707102 | AB22: 0.81006945 | AC22: 0.77034386 | AD22: 0.85182169 | AE22: 0.82717298 | AF22: 0.82613108 | AG22: 0.78620145 | AH22: 0.747825 | AI22: 0.77439939 | AJ22: 0.68540599 | AK22: 0.66900775 | AL22: 0.70541011 | AM22: 0.74750146 | AN22: 0.73676721 | AO22: 0.76378615 | AP22: 0.7826639 | AQ22: 0.735753 | AR22: 0.76132582 | AS22: 0.78699789 | AT22: 0.81514248 | AU22: 0.76328692 | AV22: 0.77917219 | AW22: 0.78538079 | AX22: 0.79236407 | AY22: 0.78360431 | AZ22: 0.79827176 | BA22: 0.79981049 | BB22: 0.80895623 | BC22: 0.81330927 | BD22: 0.81757641 | BE22: 0.82618322 | BF22: 0.83267609 | BG22: 0.85100815 | BH22: 0.83851498 | BI22: 0.84043301 | BJ22: 0.84217616 | BK22: 0.84327287 | BL22: 0.83129991 | BM22: 0.83282921 | BN22: 0.83938412 | BO22: 0.838 | BP22: 0.827 | BQ22: 0.815 | BR22: 0.80623953 | BS22: 0.80575463 | BT22: 0.80610257 | BU22: 0.81406295 | BV22: 0.81790807 | BW22: 0.82145667 | BX22: 0.832 | BY22: 0.83581612 | BZ22: 0.83404487 | CA22: 0.84115123 | CB22: 0.83882127 | CC22: 0.81634021 | CD22: 0.82596919 | CE22: 0.82978908 | CF22: 0.834 | CH22: =Sheet1!CH22-[1]Sheet1!CH22 -> #ERROR! | CI22: =Sheet1!CI22-[1]Sheet1!CI22 -> #ERROR! | CJ22: =Sheet1!CJ22-[1]Sheet1!CJ22 -> #ERROR! | CK22: =Sheet1!CK22-[1]Sheet1!CK22 -> #ERROR! | CL22: =Sheet1!CL22-[1]Sheet1!CL22 -> #ERROR! | CM22: =Sheet1!CM22-[1]Sheet1!CM22 -> #ERROR! | CN22: =Sheet1!CN22-[1]Sheet1!CN22 -> #ERROR! | CO22: =Sheet1!CO22-[1]Sheet1!CO22 -> #ERROR!
B23: Total Dore gold output1 | C23: koz | F23: 1201.4307 | G23: 1232.4212 | H23: 1227.7918 | I23: 1274.5282 | J23: 1394.1873 | K23: 1564.6152 | L23: 1658.7633 | M23: 1704.9529 | N23: 1767.4358 | O23: 1966.3721 | P23: 2161.8784 | Q23: 2450 | R23: =Sheet1!R23-[1]Sheet1!R23 -> #ERROR! | S23: =Sheet1!S23-[1]Sheet1!S23 -> #ERROR! | T23: =Sheet1!T23-[1]Sheet1!T23 -> #ERROR! | U23: =Sheet1!U23-[1]Sheet1!U23 -> #ERROR! | V23: =Sheet1!V23-[1]Sheet1!V23 -> #ERROR! | W23: =Sheet1!W23-[1]Sheet1!W23 -> #ERROR! | Y23: 223.92348 | Z23: 287.26619 | AA23: 387.98962 | AB23: 302.2514 | AC23: 202.43133 | AD23: 381.95446 | AE23: 340.82051 | AF23: 307.21491 | AG23: 253.86949 | AH23: 291.73248 | AI23: 422.5744 | AJ23: 259.61543 | AK23: 189.30843 | AL23: 330.22 | AM23: 432.90701 | AN23: 322.09278 | AO23: 298.11709 | AP23: 348.67602 | AQ23: 393.84193 | AR23: 353.55229 | AS23: 334.33246 | AT23: 380.7613 | AU23: 449.88693 | AV23: 399.63451 | AW23: 339.46906 | AX23: 416.84131 | AY23: 474.89998 | AZ23: 427.55298 | BA23: 354.20769 | BB23: 428.84973 | BC23: 484.30045 | BD23: 437.59503 | BE23: 368.9105 | BF23: 457.64523 | BG23: 496.8421 | BH23: 444.03794 | BI23: 398.72558 | BJ23: 466.76741 | BK23: 565.37118 | BL23: 535.50796 | BM23: 439.90439 | BN23: 531.47401 | BO23: 635.8 | BP23: 554.7 | BQ23: 538.77423 | BR23: 627.60486 | BS23: 698.83284 | BT23: 584.81226 | BU23: 656.22098 | BV23: 705.92631 | BW23: 770.17005 | BX23: 714.3 | BY23: 660.17859 | BZ23: 712.37411 | CA23: 770.21289 | CB23: 660.7 | CC23: 614.7 | CD23: 693.4 | CE23: 764.2 | CF23: 664.1 | CH23: =Sheet1!CH23-[1]Sheet1!CH23 -> #ERROR! | CI23: =Sheet1!CI23-[1]Sheet1!CI23 -> #ERROR! | CJ23: =Sheet1!CJ23-[1]Sheet1!CJ23 -> #ERROR! | CK23: =Sheet1!CK23-[1]Sheet1!CK23 -> #ERROR! | CL23: =Sheet1!CL23-[1]Sheet1!CL23 -> #ERROR! | CM23: =Sheet1!CM23-[1]Sheet1!CM23 -> #ERROR! | CN23: =Sheet1!CN23-[1]Sheet1!CN23 -> #ERROR! | CO23: =Sheet1!CO23-[1]Sheet1!CO23 -> #ERROR!
B24: Total refined gold output2 | C24: koz | F24: 1214.3533 | G24: 1221.6179 | H24: 1230.935 | I24: 1277 | J24: 1381.3371 | K24: 1568.94 | L24: 1649.7 | M24: 1685.5 | N24: 1744.4433 | O24: 1841.4049 | P24: 1990.1602 | Q24: 2183.7963 | R24: =Sheet1!R24-[1]Sheet1!R24 -> #ERROR! | S24: =Sheet1!S24-[1]Sheet1!S24 -> #ERROR! | T24: =Sheet1!T24-[1]Sheet1!T24 -> #ERROR! | U24: =Sheet1!U24-[1]Sheet1!U24 -> #ERROR! | V24: =Sheet1!V24-[1]Sheet1!V24 -> #ERROR! | W24: =Sheet1!W24-[1]Sheet1!W24 -> #ERROR! | Y24: 211.23281 | Z24: 257.46116 | AA24: 408.16837 | AB24: 338.7278 | AC24: 172.2991 | AD24: 391.776 | AE24: 330.96931 | AF24: 326.57351 | AG24: 201.14591 | AH24: 276.84218 | AI24: 444.73877 | AJ24: 308.20811 | AK24: 189.7745 | AL24: 266.2255 | AM24: 419.49688 | AN24: 402.50312 | AO24: 231.79707 | AP24: 321.523 | AQ24: 463.86163 | AR24: 364.15539 | AS24: 302.5 | AT24: 367.1 | AU24: 449.5 | AV24: 449.84 | AW24: 319.9 | AX24: 398.5 | AY24: 466.8 | AZ24: 464.5 | BA24: 330.6 | BB24: 412.6 | BC24: 492.3 | BD24: 450 | BE24: 352.73074 | BF24: 425.29287 | BG24: 503.30227 | BH24: 463.11742 | BI24: 374.97825 | BJ24: 432.4674 | BK24: 515.62785 | BL24: 518.33139 | BM24: 422.02574 | BN24: 454.83447 | BO24: 561.6 | BP24: 551.7 | BQ24: 432.1 | BR24: 538.9 | BS24: 623.8 | BT24: 589.00593 | BU24: 538.01411 | BV24: 615.3 | BW24: 649.7 | BX24: 720.7 | BY24: 533 | BZ24: 646.3 | CA24: 701.1 | CB24: 687.7 | CC24: 569 | CD24: 671.4 | CE24: 763 | CF24: 684.2 | CH24: =Sheet1!CH24-[1]Sheet1!CH24 -> #ERROR! | CI24: =Sheet1!CI24-[1]Sheet1!CI24 -> #ERROR! | CJ24: =Sheet1!CJ24-[1]Sheet1!CJ24 -> #ERROR! | CK24: =Sheet1!CK24-[1]Sheet1!CK24 -> #ERROR! | CL24: =Sheet1!CL24-[1]Sheet1!CL24 -> #ERROR! | CM24: =Sheet1!CM24-[1]Sheet1!CM24 -> #ERROR! | CN24: =Sheet1!CN24-[1]Sheet1!CN24 -> #ERROR! | CO24: =Sheet1!CO24-[1]Sheet1!CO24 -> #ERROR!
B25: Gold contained in concentrate | C25: koz | F25: 0 | G25: 0 | H25: 0 | I25: 0 | J25: 0 | K25: 0 | L25: 2 | M25: 10 | N25: 18.910573 | O25: 126.44112 | P25: 169.99935 | Q25: 256.3 | R25: =Sheet1!R25-[1]Sheet1!R25 -> #ERROR! | S25: =Sheet1!S25-[1]Sheet1!S25 -> #ERROR! | T25: =Sheet1!T25-[1]Sheet1!T25 -> #ERROR! | U25: =Sheet1!U25-[1]Sheet1!U25 -> #ERROR! | V25: =Sheet1!V25-[1]Sheet1!V25 -> #ERROR! | W25: =Sheet1!W25-[1]Sheet1!W25 -> #ERROR! | Y25: 0 | Z25: 0 | AA25: 0 | AB25: 0 | AC25: 0 | AD25: 0 | AE25: 0 | AF25: 0 | AG25: 0 | AH25: 0 | AI25: 0 | AJ25: 0 | AK25: 0 | AL25: 0 | AM25: 0 | AN25: 0 | AO25: 0 | AP25: 0 | AQ25: 0 | AR25: 0 | AS25: 0 | AT25: 0 | AU25: 0 | AV25: 0 | AW25: 0 | AX25: 2 | AY25: 0 | AZ25: 0 | BA25: 0 | BB25: 0 | BC25: 0 | BD25: 10 | BE25: 0 | BF25: 5.8636295 | BG25: 10.294919 | BH25: 2.7520247 | BI25: 9.3530728 | BJ25: 22.726259 | BK25: 39.328301 | BL25: 55.033488 | BM25: 28.18051 | BN25: 33.018844 | BO25: 80.7 | BP25: 28.1 | BQ25: 74.4 | BR25: 63.1 | BS25: 67.4 | BT25: 51.4 | BU25: 62.7 | BV25: 68.5 | BW25: 103 | BX25: 83.3 | BY25: 61.9 | BZ25: 44.1 | CA25: 70 | CB25: 22 | CC25: 22.7 | CD25: 0.1 | CE25: 7 | CF25: 0 | CH25: =Sheet1!CH25-[1]Sheet1!CH25 -> #ERROR! | CI25: =Sheet1!CI25-[1]Sheet1!CI25 -> #ERROR! | CJ25: =Sheet1!CJ25-[1]Sheet1!CJ25 -> #ERROR! | CK25: =Sheet1!CK25-[1]Sheet1!CK25 -> #ERROR! | CL25: =Sheet1!CL25-[1]Sheet1!CL25 -> #ERROR! | CM25: =Sheet1!CM25-[1]Sheet1!CM25 -> #ERROR! | CN25: =Sheet1!CN25-[1]Sheet1!CN25 -> #ERROR! | CO25: =Sheet1!CO25-[1]Sheet1!CO25 -> #ERROR!
B26: Gold payable in concentrate | C26: koz | F26: 0 | G26: 0 | H26: 0 | I26: 0 | J26: 0 | K26: 0 | L26: 1.3 | M26: 6.5 | N26: 12.291872 | O26: 82.186729 | P26: 119.03955 | Q26: 189.7 | R26: =Sheet1!R26-[1]Sheet1!R26 -> #ERROR! | S26: =Sheet1!S26-[1]Sheet1!S26 -> #ERROR! | T26: =Sheet1!T26-[1]Sheet1!T26 -> #ERROR! | U26: =Sheet1!U26-[1]Sheet1!U26 -> #ERROR! | V26: =Sheet1!V26-[1]Sheet1!V26 -> #ERROR! | W26: =Sheet1!W26-[1]Sheet1!W26 -> #ERROR! | Y26: 0 | Z26: 0 | AA26: 0 | AB26: 0 | AC26: 0 | AD26: 0 | AE26: 0 | AF26: 0 | AG26: 0 | AH26: 0 | AI26: 0 | AJ26: 0 | AK26: 0 | AL26: 0 | AM26: 0 | AN26: 0 | AO26: 0 | AP26: 0 | AQ26: 0 | AR26: 0 | AS26: 0 | AT26: 0 | AU26: 0 | AV26: 0 | AW26: 0 | AX26: 1.3 | AY26: 0 | AZ26: 0 | BA26: 0 | BB26: 0 | BC26: 0 | BD26: 6.5 | BE26: 0 | BF26: 3.8113592 | BG26: 6.6916971 | BH26: 1.788816 | BI26: 6.0794973 | BJ26: 14.772068 | BK26: 25.563395 | BL26: 35.771767 | BM26: 19.726357 | BN26: 23.11319 | BO26: 56.5 | BP26: 19.7 | BQ26: 55.1 | BR26: 46.7 | BS26: 49.8 | BT26: 38.1 | BU26: 46.5 | BV26: 50.8 | BW26: 76.4 | BX26: 61.8 | BY26: 48.5 | BZ26: 32.4 | CA26: 55.5 | CB26: 17.2 | CC26: 17.4 | CD26: 0 | CE26: 5.4 | CF26: 0 | CH26: =Sheet1!CH26-[1]Sheet1!CH26 -> #ERROR! | CI26: =Sheet1!CI26-[1]Sheet1!CI26 -> #ERROR! | CJ26: =Sheet1!CJ26-[1]Sheet1!CJ26 -> #ERROR! | CK26: =Sheet1!CK26-[1]Sheet1!CK26 -> #ERROR! | CL26: =Sheet1!CL26-[1]Sheet1!CL26 -> #ERROR! | CM26: =Sheet1!CM26-[1]Sheet1!CM26 -> #ERROR! | CN26: =Sheet1!CN26-[1]Sheet1!CN26 -> #ERROR! | CO26: =Sheet1!CO26-[1]Sheet1!CO26 -> #ERROR!
B27: Total gold produced2 | C27: koz | F27: 1214.3533 | G27: 1221.6179 | H27: 1230.935 | I27: 1277 | J27: 1381.3371 | K27: 1568.94 | L27: 1651.7 | M27: 1695.5 | N27: 1763.3539 | O27: 1967.846 | P27: 2160.1596 | Q27: 2440.1 | R27: =Sheet1!R27-[1]Sheet1!R27 -> #ERROR! | S27: =Sheet1!S27-[1]Sheet1!S27 -> #ERROR! | T27: =Sheet1!T27-[1]Sheet1!T27 -> #ERROR! | U27: =Sheet1!U27-[1]Sheet1!U27 -> #ERROR! | V27: =Sheet1!V27-[1]Sheet1!V27 -> #ERROR! | W27: =Sheet1!W27-[1]Sheet1!W27 -> #ERROR! | Y27: 211.23281 | Z27: 257.46116 | AA27: 408.16837 | AB27: 338.7278 | AC27: 172.2991 | AD27: 391.776 | AE27: 330.96931 | AF27: 326.57351 | AG27: 201.14591 | AH27: 276.84218 | AI27: 444.73877 | AJ27: 308.20811 | AK27: 189.7745 | AL27: 266.2255 | AM27: 419.49688 | AN27: 402.50312 | AO27: 231.79707 | AP27: 321.523 | AQ27: 463.86163 | AR27: 364.15539 | AS27: 302.5 | AT27: 367.1 | AU27: 449.5 | AV27: 449.84 | AW27: 319.9 | AX27: 400.5 | AY27: 466.8 | AZ27: 464.5 | BA27: 330.6 | BB27: 412.6 | BC27: 492.3 | BD27: 460 | BE27: 352.73074 | BF27: 431.1565 | BG27: 513.59719 | BH27: 465.86945 | BI27: 384.33132 | BJ27: 455.19366 | BK27: 554.95615 | BL27: 573.36488 | BM27: 450.20625 | BN27: 487.85332 | BO27: 642.3 | BP27: 579.8 | BQ27: 506.5 | BR27: 602 | BS27: 691.2 | BT27: 640.4 | BU27: 600.7 | BV27: 683.8 | BW27: 752.74944 | BX27: 804 | BY27: 594.9 | BZ27: 690.4 | CA27: 771.1 | CB27: 709.7 | CC27: 591.7 | CD27: 671.5 | CE27: 770 | CF27: 684.2 | CH27: =Sheet1!CH27-[1]Sheet1!CH27 -> #ERROR! | CI27: =Sheet1!CI27-[1]Sheet1!CI27 -> #ERROR! | CJ27: =Sheet1!CJ27-[1]Sheet1!CJ27 -> #ERROR! | CK27: =Sheet1!CK27-[1]Sheet1!CK27 -> #ERROR! | CL27: =Sheet1!CL27-[1]Sheet1!CL27 -> #ERROR! | CM27: =Sheet1!CM27-[1]Sheet1!CM27 -> #ERROR! | CN27: =Sheet1!CN27-[1]Sheet1!CN27 -> #ERROR! | CO27: =Sheet1!CO27-[1]Sheet1!CO27 -> #ERROR!
B30: OLIMPIADA
B32: Mining
B33: Total rock moved | C33: 000 m3 | F33: 32840.9 | G33: 30622.4 | H33: 24055.1 | I33: 22053.3 | J33: 16937.02 | K33: 24368.4 | L33: 25052.2 | M33: 24122.1 | N33: 22339.83 | O33: 19513.5 | P33: 28074.4 | Q33: 46745.6 | R33: =Sheet1!R33-[1]Sheet1!R33 -> #ERROR! | S33: =Sheet1!S33-[1]Sheet1!S33 -> #ERROR! | T33: =Sheet1!T33-[1]Sheet1!T33 -> #ERROR! | U33: =Sheet1!U33-[1]Sheet1!U33 -> #ERROR! | V33: =Sheet1!V33-[1]Sheet1!V33 -> #ERROR! | W33: =Sheet1!W33-[1]Sheet1!W33 -> #ERROR! | Y33: 7642.2 | Z33: 7693.7 | AA33: 9066.2 | AB33: 8438.8 | AC33: 8206.5 | AD33: 7508.3 | AE33: 7605.2 | AF33: 7302.4 | AG33: 6196 | AH33: 5531.5 | AI33: 6037.4 | AJ33: 6290.2 | AK33: 5856.6 | AL33: 5688 | AM33: 5002 | AN33: 5506.7 | AO33: 4153.62 | AP33: 4162.5 | AQ33: 4256 | AR33: 4364.9 | AS33: 5992.5 | AT33: 6136 | AU33: 6106 | AV33: 6133.9 | AW33: 6660.3 | AX33: 5788.1 | AY33: 6236 | AZ33: 6367.8 | BA33: 5162.7 | BB33: 5748 | BC33: 6602 | BD33: 6609.4 | BE33: 5844.61 | BF33: 5362.5 | BG33: 5554.32 | BH33: 5578.4 | BI33: 5429.9 | BJ33: 3772.7 | BK33: 4537.4 | BL33: 5773.5 | BM33: 5456.4 | BN33: 6030.7 | BO33: 7683.6 | BP33: 8903.7 | BQ33: 10530.7 | BR33: 10966.8 | BS33: 12261.5 | BT33: 12986.6 | BU33: 11896 | BV33: 12310.251 | BW33: 13110.572 | BX33: 12697.5 | BY33: 12418.8 | BZ33: 9232.9 | CA33: 11165.1 | CB33: 11073 | CC33: 10848.943 | CD33: 11368 | CE33: 13713 | CF33: 14315 | CH33: =Sheet1!CH33-[1]Sheet1!CH33 -> #ERROR! | CI33: =Sheet1!CI33-[1]Sheet1!CI33 -> #ERROR! | CJ33: =Sheet1!CJ33-[1]Sheet1!CJ33 -> #ERROR! | CK33: =Sheet1!CK33-[1]Sheet1!CK33 -> #ERROR! | CL33: =Sheet1!CL33-[1]Sheet1!CL33 -> #ERROR! | CM33: =Sheet1!CM33-[1]Sheet1!CM33 -> #ERROR! | CN33: =Sheet1!CN33-[1]Sheet1!CN33 -> #ERROR! | CO33: =Sheet1!CO33-[1]Sheet1!CO33 -> #ERROR!
B34: Stripping | C34: 000 m3 | F34: 30947.9 | G34: 30061.2 | H34: 20083.6 | I34: 18525.9 | J34: 14329.4 | K34: 21383.9 | L34: 20756.928 | M34: 21897.89 | N34: 21311.466 | O34: 15890.373 | P34: 23659.759 | Q34: 40165.974 | R34: =Sheet1!R34-[1]Sheet1!R34 -> #ERROR! | S34: =Sheet1!S34-[1]Sheet1!S34 -> #ERROR! | T34: =Sheet1!T34-[1]Sheet1!T34 -> #ERROR! | U34: =Sheet1!U34-[1]Sheet1!U34 -> #ERROR! | V34: =Sheet1!V34-[1]Sheet1!V34 -> #ERROR! | W34: =Sheet1!W34-[1]Sheet1!W34 -> #ERROR! | Y34: 6566.4 | Z34: 7400.4 | AA34: 8731.7 | AB34: 8249.4 | AC34: 8049.1 | AD34: 7347.2 | AE34: 7428 | AF34: 7236.9 | AG34: 5670.3 | AH34: 4623.2 | AI34: 4703.3 | AJ34: 5086.8 | AK34: 4787.1 | AL34: 4787.1 | AM34: 4293.2 | AN34: 4658.5 | AO34: 3380.8 | AP34: 3579.3 | AQ34: 3658.5 | AR34: 3710.8 | AS34: 4879.1 | AT34: 5255.5 | AU34: 5512 | AV34: 5737.3 | AW34: 5928.9 | AX34: 4530.6 | AY34: 5080.6 | AZ34: 5216.828 | BA34: 3982.4 | BB34: 4973.6 | BC34: 6373.49 | BD34: 6568.4 | BE34: 5584.3 | BF34: 5131.31 | BG34: 5371.151 | BH34: 5224.7048 | BI34: 4933.609 | BJ34: 3020.177 | BK34: 3733.5886 | BL34: 4202.9984 | BM34: 4378.9412 | BN34: 4934.4186 | BO34: 6583.9313 | BP34: 7762.468 | BQ34: 9291.7162 | BR34: 9626.8531 | BS34: 10129.434 | BT34: 11117.971 | BU34: 10023.949 | BV34: 10256.297 | BW34: 11283.222 | BX34: 10945.968 | BY34: 10920.32 | BZ34: 7702.0133 | CA34: 9660.5475 | CB34: 9711 | CC34: 9656.8407 | CD34: 10248.856 | CE34: 13060 | CF34: 13007 | CH34: =Sheet1!CH34-[1]Sheet1!CH34 -> #ERROR! | CI34: =Sheet1!CI34-[1]Sheet1!CI34 -> #ERROR! | CJ34: =Sheet1!CJ34-[1]Sheet1!CJ34 -> #ERROR! | CK34: =Sheet1!CK34-[1]Sheet1!CK34 -> #ERROR! | CL34: =Sheet1!CL34-[1]Sheet1!CL34 -> #ERROR! | CM34: =Sheet1!CM34-[1]Sheet1!CM34 -> #ERROR! | CN34: =Sheet1!CN34-[1]Sheet1!CN34 -> #ERROR! | CO34: =Sheet1!CO34-[1]Sheet1!CO34 -> #ERROR!
B35: Stripping ratio | C35: m3/t | F35: 6.9189787 | G35: 19.839757 | H35: 1.894161 | I35: 1.9467729 | J35: 2.0352729 | K35: 2.6543638 | L35: 1.7897972 | M35: 3.6463684 | N35: 7.6756308 | O35: 1.6243774 | P35: 1.9419336 | Q35: 2.2118111 | R35: =Sheet1!R35-[1]Sheet1!R35 -> #ERROR! | S35: =Sheet1!S35-[1]Sheet1!S35 -> #ERROR! | T35: =Sheet1!T35-[1]Sheet1!T35 -> #ERROR! | U35: =Sheet1!U35-[1]Sheet1!U35 -> #ERROR! | V35: =Sheet1!V35-[1]Sheet1!V35 -> #ERROR! | W35: =Sheet1!W35-[1]Sheet1!W35 -> #ERROR! | Y35: 2.7033347 | Z35: 10.657258 | AA35: 10.071165 | AB35: 17.097202 | AC35: 18.939059 | AD35: 16.893999 | AE35: 15.526756 | AF35: 40.909553 | AG35: 3.994857 | AH35: 1.9208908 | AI35: 1.3333239 | AJ35: 1.5655546 | AK35: 1.6577553 | AL35: 1.9743875 | AM35: 2.2433325 | AN35: 2.0341462 | AO35: 1.6202512 | AP35: 2.273091 | AQ35: 2.2677403 | AR35: 2.101222 | AS35: 1.6230394 | AT35: 2.2125719 | AU35: 3.4367089 | AV35: 5.3578066 | AW35: 3.0021571 | AX35: 1.3343783 | AY35: 1.6286115 | AZ35: 1.67873 | BA35: 1.2496509 | BB35: 2.3786886 | BC35: 10.330023 | BD35: 59.33514 | BE35: 7.9453361 | BF35: 8.2204867 | BG35: 10.862221 | BH35: 5.4710096 | BI35: 3.6818527 | BJ35: 1.4864451 | BK35: 1.7203162 | BL35: 0.99119022 | BM35: 1.4725137 | BN35: 1.6308155 | BO35: 2.1692737 | BP35: 2.4650581 | BQ35: 2.7171977 | BR35: 2.6030809 | BS35: 1.7213746 | BT35: 2.1557254 | BU35: 1.9400469 | BV35: 1.8092173 | BW35: 2.2371867 | BX35: 2.2642637 | BY35: 2.6404345 | BZ35: 1.822855 | CA35: 2.3264049 | CB35: 2.6 | CC35: 2.9350295 | CD35: 3.3150686 | CE35: 7.3 | CF35: 3.6 | CH35: =Sheet1!CH35-[1]Sheet1!CH35 -> #ERROR! | CI35: =Sheet1!CI35-[1]Sheet1!CI35 -> #ERROR! | CJ35: =Sheet1!CJ35-[1]Sheet1!CJ35 -> #ERROR! | CK35: =Sheet1!CK35-[1]Sheet1!CK35 -> #ERROR! | CL35: =Sheet1!CL35-[1]Sheet1!CL35 -> #ERROR! | CM35: =Sheet1!CM35-[1]Sheet1!CM35 -> #ERROR! | CN35: =Sheet1!CN35-[1]Sheet1!CN35 -> #ERROR! | CO35: =Sheet1!CO35-[1]Sheet1!CO35 -> #ERROR!
B36: Ore mined | C36: kT | F36: 4472.9 | G36: 1515.2 | H36: 10602.9 | I36: 9516.21 | J36: 7040.53 | K36: 8056.13 | L36: 11597.363 | M36: 6005.397 | N36: 2776.51 | O36: 9782.4391 | P36: 12183.609 | Q36: 18159.767 | R36: =Sheet1!R36-[1]Sheet1!R36 -> #ERROR! | S36: =Sheet1!S36-[1]Sheet1!S36 -> #ERROR! | T36: =Sheet1!T36-[1]Sheet1!T36 -> #ERROR! | U36: =Sheet1!U36-[1]Sheet1!U36 -> #ERROR! | V36: =Sheet1!V36-[1]Sheet1!V36 -> #ERROR! | W36: =Sheet1!W36-[1]Sheet1!W36 -> #ERROR! | Y36: 2429 | Z36: 694.4 | AA36: 867 | AB36: 482.5 | AC36: 425 | AD36: 434.9 | AE36: 478.4 | AF36: 176.9 | AG36: 1419.4 | AH36: 2406.8 | AI36: 3527.5 | AJ36: 3249.2 | AK36: 2887.7 | AL36: 2424.6 | AM36: 1913.76 | AN36: 2290.15 | AO36: 2086.59 | AP36: 1574.64 | AQ36: 1613.28 | AR36: 1766.02 | AS36: 3006.15 | AT36: 2375.29 | AU36: 1603.86 | AV36: 1070.83 | AW36: 1974.88 | AX36: 3395.289 | AY36: 3119.59 | AZ36: 3107.604 | BA36: 3186.81 | BB36: 2090.9 | BC36: 616.987 | BD36: 110.7 | BE36: 702.84 | BF36: 624.21 | BG36: 494.48 | BH36: 954.98 | BI36: 1339.98 | BJ36: 2031.812 | BK36: 2170.2921 | BL36: 4240.355 | BM36: 2973.7863 | BN36: 3025.7368 | BO36: 3035.0856 | BP36: 3149 | BQ36: 3419.5952 | BR36: 3698.2534 | BS36: 5886 | BT36: 5157.4152 | BU36: 5166.8594 | BV36: 5668.9136 | BW36: 5043.487 | BX36: 4834.2285 | BY36: 4135.8042 | BZ36: 4225.2474 | CA36: 4152.5649 | CB36: 3759 | CC36: 3290.2023 | CD36: 3091.597 | CE36: 1799 | CF36: 3610 | CH36: =Sheet1!CH36-[1]Sheet1!CH36 -> #ERROR! | CI36: =Sheet1!CI36-[1]Sheet1!CI36 -> #ERROR! | CJ36: =Sheet1!CJ36-[1]Sheet1!CJ36 -> #ERROR! | CK36: =Sheet1!CK36-[1]Sheet1!CK36 -> #ERROR! | CL36: =Sheet1!CL36-[1]Sheet1!CL36 -> #ERROR! | CM36: =Sheet1!CM36-[1]Sheet1!CM36 -> #ERROR! | CN36: =Sheet1!CN36-[1]Sheet1!CN36 -> #ERROR! | CO36: =Sheet1!CO36-[1]Sheet1!CO36 -> #ERROR!
B37: Average grade in ore mined | C37: g/t | F37: 7.1399092 | G37: 2.6700766 | H37: 3.0319818 | I37: 3.1876136 | J37: 3.4272045 | K37: 3.3582465 | L37: 3.6283083 | M37: 3.6834434 | N37: 2.6740296 | O37: 3.3698158 | P37: 4.08 | Q37: 3.7060882 | R37: =Sheet1!R37-[1]Sheet1!R37 -> #ERROR! | S37: =Sheet1!S37-[1]Sheet1!S37 -> #ERROR! | T37: =Sheet1!T37-[1]Sheet1!T37 -> #ERROR! | U37: =Sheet1!U37-[1]Sheet1!U37 -> #ERROR! | V37: =Sheet1!V37-[1]Sheet1!V37 -> #ERROR! | W37: =Sheet1!W37-[1]Sheet1!W37 -> #ERROR! | Y37: 7.9872787 | Z37: 7.015409 | AA37: 5.8758939 | AB37: 5.3245596 | AC37: 3.444 | AD37: 2.7461485 | AE37: 2.1875 | AF37: 1.9287733 | AG37: 2.2996336 | AH37: 2.6582184 | AI37: 3.4488448 | AJ37: 3.1761972 | AK37: 3.1470374 | AL37: 2.9685309 | AM37: 3.2006626 | AN37: 3.459817 | AO37: 3.3455091 | AP37: 3.2471422 | AQ37: 3.361357 | AR37: 3.744431 | AS37: 3.2328327 | AT37: 3.3350665 | AU37: 3.4527453 | AV37: 3.6202012 | AW37: 3.5642875 | AX37: 3.6392189 | AY37: 3.5150773 | AZ37: 3.7707404 | BA37: 3.8760171 | BB37: 3.6311875 | BC37: 3.0326733 | BD37: 2.7537489 | BE37: 2.7138182 | BF37: 2.4452668 | BG37: 2.6876315 | BH37: 2.7872311 | BI37: 3.1784168 | BJ37: 3.4215357 | BK37: 3.3365482 | BL37: 3.422544 | BM37: 4.0717634 | BN37: 4.1758435 | BO37: 4.187951 | BP37: 3.9008394 | BQ37: 3.7920595 | BR37: 4.0384783 | BS37: 3.4803614 | BT37: 3.6682864 | BU37: 3.3568292 | BV37: 3.4802584 | BW37: 3.5174293 | BX37: 3.2963388 | BY37: 2.9343648 | BZ37: 3.5240057 | CA37: 3.2964542 | CB37: 2.94 | CC37: 3.079387 | CD37: 3.2425619 | CE37: 2.43 | CF37: 2.36 | CH37: =Sheet1!CH37-[1]Sheet1!CH37 -> #ERROR! | CI37: =Sheet1!CI37-[1]Sheet1!CI37 -> #ERROR! | CJ37: =Sheet1!CJ37-[1]Sheet1!CJ37 -> #ERROR! | CK37: =Sheet1!CK37-[1]Sheet1!CK37 -> #ERROR! | CL37: =Sheet1!CL37-[1]Sheet1!CL37 -> #ERROR! | CM37: =Sheet1!CM37-[1]Sheet1!CM37 -> #ERROR! | CN37: =Sheet1!CN37-[1]Sheet1!CN37 -> #ERROR! | CO37: =Sheet1!CO37-[1]Sheet1!CO37 -> #ERROR!
B39: Processing
B40: Ore processed | C40: kT | F40: 6230.528 | G40: 6623.422 | H40: 8876.952 | I40: 7377.3 | J40: 8050.668 | K40: 8068.497 | L40: 7822.351 | M40: 8525.79 | N40: 9506.01 | O40: 11336.194 | P40: 12441.628 | Q40: 13266.535 | R40: =Sheet1!R40-[1]Sheet1!R40 -> #ERROR! | S40: =Sheet1!S40-[1]Sheet1!S40 -> #ERROR! | T40: =Sheet1!T40-[1]Sheet1!T40 -> #ERROR! | U40: =Sheet1!U40-[1]Sheet1!U40 -> #ERROR! | V40: =Sheet1!V40-[1]Sheet1!V40 -> #ERROR! | W40: =Sheet1!W40-[1]Sheet1!W40 -> #ERROR! | Y40: 1209.01 | Z40: 1262.75 | AA40: 1970.899 | AB40: 1787.869 | AC40: 1149.249 | AD40: 1774.962 | AE40: 1621.541 | AF40: 2077.67 | AG40: 2335.434 | AH40: 2036.055 | AI40: 2404.43 | AJ40: 2101.033 | AK40: 1639.16 | AL40: 1897.511 | AM40: 1758.434 | AN40: 2082.195 | AO40: 2021.225 | AP40: 2000.643 | AQ40: 2095.994 | AR40: 1932.806 | AS40: 2081.82 | AT40: 1870.173 | AU40: 1860.479 | AV40: 2256.025 | AW40: 1845.293 | AX40: 1951.108 | AY40: 2145.281 | AZ40: 1880.669 | BA40: 1984.782 | BB40: 2214.56 | BC40: 2186.548 | BD40: 2139.9 | BE40: 2262.603 | BF40: 2499.326 | BG40: 2311.621 | BH40: 2432.46 | BI40: 2509.381 | BJ40: 2693.387 | BK40: 2777.724 | BL40: 3355.702 | BM40: 2929.779 | BN40: 2882.211 | BO40: 3489.698 | BP40: 3139.94 | BQ40: 3155.13 | BR40: 3336.777 | BS40: 3364.912 | BT40: 3409.716 | BU40: 3489 | BV40: 3358 | BW40: 3415.588 | BX40: 3644.589 | BY40: 3503 | BZ40: 3539 | CA40: 3757.355 | CB40: 3249 | CC40: 3668.21 | CD40: 3648 | CE40: 4009 | CF40: 3736 | CH40: =Sheet1!CH40-[1]Sheet1!CH40 -> #ERROR! | CI40: =Sheet1!CI40-[1]Sheet1!CI40 -> #ERROR! | CJ40: =Sheet1!CJ40-[1]Sheet1!CJ40 -> #ERROR! | CK40: =Sheet1!CK40-[1]Sheet1!CK40 -> #ERROR! | CL40: =Sheet1!CL40-[1]Sheet1!CL40 -> #ERROR! | CM40: =Sheet1!CM40-[1]Sheet1!CM40 -> #ERROR! | CN40: =Sheet1!CN40-[1]Sheet1!CN40 -> #ERROR! | CO40: =Sheet1!CO40-[1]Sheet1!CO40 -> #ERROR!
B41: Average grade in ore processed | C41: g/t | F41: 5.1225277 | G41: 5.0882475 | H41: 3.9789006 | I41: 3.7705574 | J41: 3.4336553 | K41: 3.4258005 | L41: 3.6011636 | M41: 3.631911 | N41: 3.1822684 | O41: 3.313392 | P41: 3.8 | Q41: 4.1 | R41: =Sheet1!R41-[1]Sheet1!R41 -> #ERROR! | S41: =Sheet1!S41-[1]Sheet1!S41 -> #ERROR! | T41: =Sheet1!T41-[1]Sheet1!T41 -> #ERROR! | U41: =Sheet1!U41-[1]Sheet1!U41 -> #ERROR! | V41: =Sheet1!V41-[1]Sheet1!V41 -> #ERROR! | W41: =Sheet1!W41-[1]Sheet1!W41 -> #ERROR! | Y41: 5.061397 | Z41: 5.3521502 | AA41: 4.8911542 | AB41: 5.2567466 | AC41: 5.1255464 | AD41: 6.4737636 | AE41: 4.7217827 | AF41: 4.1699753 | AG41: 3.7074499 | AH41: 3.9241257 | AI41: 4.5924834 | AJ41: 3.6315301 | AK41: 3.5958465 | AL41: 3.7524872 | AM41: 3.865031 | AN41: 3.8447781 | AO41: 3.4879754 | AP41: 3.2714947 | AQ41: 3.288098 | AR41: 3.7025492 | AS41: 3.3843947 | AT41: 3.5637395 | AU41: 3.392813 | AV41: 3.3768658 | AW41: 3.5653492 | AX41: 3.5128959 | AY41: 3.6116485 | AZ41: 3.7159177 | BA41: 3.7484546 | BB41: 3.5789236 | BC41: 3.5924598 | BD41: 3.6189627 | BE41: 3.3626981 | BF41: 3.3370561 | BG41: 3.0758835 | BH41: 2.9564954 | BI41: 2.9946286 | BJ41: 2.9258163 | BK41: 3.4317607 | BL41: 3.7648608 | BM41: 3.4526673 | BN41: 3.8426273 | BO41: 3.9324365 | BP41: 3.9401707 | BQ41: 4.1659437 | BR41: 4.0956082 | BS41: 4.12 | BT41: 4.0067258 | BU41: 3.7617098 | BV41: 4.03 | BW41: 4.0149299 | BX41: 3.88 | BY41: 3.2004678 | BZ41: 3.4747018 | CA41: 3.5596269 | CB41: 3.34 | CC41: 3.0200148 | CD41: 3.0340849 | CE41: 3.03 | CF41: 2.93 | CH41: =Sheet1!CH41-[1]Sheet1!CH41 -> #ERROR! | CI41: =Sheet1!CI41-[1]Sheet1!CI41 -> #ERROR! | CJ41: =Sheet1!CJ41-[1]Sheet1!CJ41 -> #ERROR! | CK41: =Sheet1!CK41-[1]Sheet1!CK41 -> #ERROR! | CL41: =Sheet1!CL41-[1]Sheet1!CL41 -> #ERROR! | CM41: =Sheet1!CM41-[1]Sheet1!CM41 -> #ERROR! | CN41: =Sheet1!CN41-[1]Sheet1!CN41 -> #ERROR! | CO41: =Sheet1!CO41-[1]Sheet1!CO41 -> #ERROR!
B42: Recovery | C42: % | F42: 0.84935448 | G42: 0.82183299 | H42: 0.74265872 | I42: 0.6642177 | J42: 0.69117844 | K42: 0.73681682 | L42: 0.7360542 | M42: 0.76879659 | N42: 0.80054654 | O42: 0.8096997 | P42: 0.807 | Q42: 0.793 | R42: =Sheet1!R42-[1]Sheet1!R42 -> #ERROR! | S42: =Sheet1!S42-[1]Sheet1!S42 -> #ERROR! | T42: =Sheet1!T42-[1]Sheet1!T42 -> #ERROR! | U42: =Sheet1!U42-[1]Sheet1!U42 -> #ERROR! | V42: =Sheet1!V42-[1]Sheet1!V42 -> #ERROR! | W42: =Sheet1!W42-[1]Sheet1!W42 -> #ERROR! | Y42: 0.89916766 | Z42: 0.89140511 | AA42: 0.8255764 | AB42: 0.80789116 | AC42: 0.75947884 | AD42: 0.85430536 | AE42: 0.82541028 | AF42: 0.82821561 | AG42: 0.7802756 | AH42: 0.72655093 | AI42: 0.76667677 | AJ42: 0.67924673 | AK42: 0.63628021 | AL42: 0.6370256 | AM42: 0.70118668 | AN42: 0.67546715 | AO42: 0.69891979 | AP42: 0.72397048 | AQ42: 0.62523826 | AR42: 0.70637786 | AS42: 0.73728431 | AT42: 0.77701805 | AU42: 0.68258767 | AV42: 0.74324808 | AW42: 0.7406716 | AX42: 0.73752993 | AY42: 0.73084952 | AZ42: 0.73603027 | BA42: 0.76072564 | BB42: 0.77170912 | BC42: 0.77117025 | BD42: 0.77116188 | BE42: 0.7893373 | BF42: 0.80038561 | BG42: 0.81823248 | BH42: 0.79510616 | BI42: 0.80249632 | BJ42: 0.81341229 | BK42: 0.81735808 | BL42: 0.80589014 | BM42: 0.79886207 | BN42: 0.81278374 | BO42: 0.81411429 | BP42: 0.8018649 | BQ42: 0.8 | BR42: 0.79 | BS42: 0.792 | BT42: 0.788 | BU42: 0.80777126 | BV42: 0.821 | BW42: 0.82482018 | BX42: 0.839 | BY42: 0.84777183 | BZ42: 0.8542286 | CA42: 0.86123255 | CB42: 0.84942428 | CC42: 0.824952 | CD42: 0.838 | CE42: 0.84581531 | CF42: 0.851 | CH42: =Sheet1!CH42-[1]Sheet1!CH42 -> #ERROR! | CI42: =Sheet1!CI42-[1]Sheet1!CI42 -> #ERROR! | CJ42: =Sheet1!CJ42-[1]Sheet1!CJ42 -> #ERROR! | CK42: =Sheet1!CK42-[1]Sheet1!CK42 -> #ERROR! | CL42: =Sheet1!CL42-[1]Sheet1!CL42 -> #ERROR! | CM42: =Sheet1!CM42-[1]Sheet1!CM42 -> #ERROR! | CN42: =Sheet1!CN42-[1]Sheet1!CN42 -> #ERROR! | CO42: =Sheet1!CO42-[1]Sheet1!CO42 -> #ERROR!
B43: Total Dore gold output | C43: koz | F43: 853.92514 | G43: 879.34667 | H43: 825.34529 | I43: 581.71875 | J43: 573.23382 | K43: 658.76234 | L43: 697.73671 | M43: 726.16101 | N43: 758.39551 | O43: 956.27064 | P43: 1176.6 | Q43: 1325.2828 | R43: =Sheet1!R43-[1]Sheet1!R43 -> #ERROR! | S43: =Sheet1!S43-[1]Sheet1!S43 -> #ERROR! | T43: =Sheet1!T43-[1]Sheet1!T43 -> #ERROR! | U43: =Sheet1!U43-[1]Sheet1!U43 -> #ERROR! | V43: =Sheet1!V43-[1]Sheet1!V43 -> #ERROR! | W43: =Sheet1!W43-[1]Sheet1!W43 -> #ERROR! | Y43: 185.5236 | Z43: 187.53298 | AA43: 246.66324 | AB43: 234.20531 | AC43: 167.11138 | AD43: 293.18826 | AE43: 193.76803 | AF43: 225.279 | AG43: 214.61015 | AH43: 179.87046 | AI43: 271.61041 | AJ43: 159.25428 | AK43: 110.52198 | AL43: 149.99335 | AM43: 163.73957 | AN43: 157.46386 | AO43: 144.24969 | AP43: 148.87671 | AQ43: 113.15231 | AR43: 166.95511 | AS43: 175.37655 | AT43: 162.49734 | AU43: 128.20851 | AV43: 192.67995 | AW43: 161.49949 | AX43: 159.48056 | AY43: 180.56924 | AZ43: 196.18742 | BA43: 176.28378 | BB43: 185.32639 | BC43: 178.80425 | BD43: 185.74659 | BE43: 181.83549 | BF43: 204.22542 | BG43: 185.788 | BH43: 186.5466 | BI43: 179.46503 | BJ43: 206.14804 | BK43: 256.77488 | BL43: 313.88269 | BM43: 243.8 | BN43: 278.31095 | BO43: 347.44338 | BP43: 307.0512 | BQ43: 318.03988 | BR43: 340.58238 | BS43: 346.7 | BT43: 319.94285 | BU43: 348.20238 | BV43: 343.1 | BW43: 356.1 | BX43: 338.4 | BY43: 323.72728 | BZ43: 305 | CA43: 319.2 | CB43: 281.4 | CC43: 271.8155 | CD43: 279.5 | CE43: 293 | CF43: 268.5 | CH43: =Sheet1!CH43-[1]Sheet1!CH43 -> #ERROR! | CI43: =Sheet1!CI43-[1]Sheet1!CI43 -> #ERROR! | CJ43: =Sheet1!CJ43-[1]Sheet1!CJ43 -> #ERROR! | CK43: =Sheet1!CK43-[1]Sheet1!CK43 -> #ERROR! | CL43: =Sheet1!CL43-[1]Sheet1!CL43 -> #ERROR! | CM43: =Sheet1!CM43-[1]Sheet1!CM43 -> #ERROR! | CN43: =Sheet1!CN43-[1]Sheet1!CN43 -> #ERROR! | CO43: =Sheet1!CO43-[1]Sheet1!CO43 -> #ERROR!
B44: Total refined gold output | C44: koz | F44: 861.07111 | G44: 872.81467 | H44: 839.19852 | I44: 585 | J44: 566 | K44: 653 | L44: 691.3 | M44: 725.5 | N44: 741.12293 | O44: 816.94752 | P44: 1007.3 | Q44: 1065.4 | R44: =Sheet1!R44-[1]Sheet1!R44 -> #ERROR! | S44: =Sheet1!S44-[1]Sheet1!S44 -> #ERROR! | T44: =Sheet1!T44-[1]Sheet1!T44 -> #ERROR! | U44: =Sheet1!U44-[1]Sheet1!U44 -> #ERROR! | V44: =Sheet1!V44-[1]Sheet1!V44 -> #ERROR! | W44: =Sheet1!W44-[1]Sheet1!W44 -> #ERROR! | Y44: 175.19237 | Z44: 172.21109 | AA44: 258.92755 | AB44: 254.74011 | AC44: 137.99542 | AD44: 312.19704 | AE44: 192.46999 | AF44: 230.15223 | AG44: 193.61692 | AH44: 149.86808 | AI44: 283.88199 | AJ44: 211.83152 | AK44: 111 | AL44: 122 | AM44: 156 | AN44: 196 | AO44: 110.2 | AP44: 137.7 | AQ44: 158.4 | AR44: 159.7 | AS44: 156.6 | AT44: 161.8 | AU44: 133.2 | AV44: 201.4 | AW44: 156.6 | AX44: 151.6 | AY44: 185.8 | AZ44: 197.3 | BA44: 167 | BB44: 187.3 | BC44: 189.2 | BD44: 182 | BE44: 161.59117 | BF44: 194.91414 | BG44: 188.49139 | BH44: 196.12622 | BI44: 150.86987 | BJ44: 179.88041 | BK44: 213.93636 | BL44: 272.26088 | BM44: 219.10426 | BN44: 226.19027 | BO44: 264.09889 | BP44: 297.9 | BQ44: 213.1 | BR44: 276 | BS44: 283 | BT44: 293.3 | BU44: 248.3 | BV44: 282.7 | BW44: 239.9 | BX44: 300.8 | BY44: 215 | BZ44: 264 | CA44: 254.8 | CB44: 268 | CC44: 242.4 | CD44: 269.9 | CE44: 281.6 | CF44: 289 | CH44: =Sheet1!CH44-[1]Sheet1!CH44 -> #ERROR! | CI44: =Sheet1!CI44-[1]Sheet1!CI44 -> #ERROR! | CJ44: =Sheet1!CJ44-[1]Sheet1!CJ44 -> #ERROR! | CK44: =Sheet1!CK44-[1]Sheet1!CK44 -> #ERROR! | CL44: =Sheet1!CL44-[1]Sheet1!CL44 -> #ERROR! | CM44: =Sheet1!CM44-[1]Sheet1!CM44 -> #ERROR! | CN44: =Sheet1!CN44-[1]Sheet1!CN44 -> #ERROR! | CO44: =Sheet1!CO44-[1]Sheet1!CO44 -> #ERROR!
B45: Gold contained in concentrate | C45: koz | F45: 0 | G45: 0 | H45: 0 | I45: 0 | J45: 0 | K45: 0 | L45: 2 | M45: 10 | N45: 18.910573 | O45: 126.44112 | P45: 170 | Q45: 256.3 | R45: =Sheet1!R45-[1]Sheet1!R45 -> #ERROR! | S45: =Sheet1!S45-[1]Sheet1!S45 -> #ERROR! | T45: =Sheet1!T45-[1]Sheet1!T45 -> #ERROR! | U45: =Sheet1!U45-[1]Sheet1!U45 -> #ERROR! | V45: =Sheet1!V45-[1]Sheet1!V45 -> #ERROR! | W45: =Sheet1!W45-[1]Sheet1!W45 -> #ERROR! | Y45: 0 | Z45: 0 | AA45: 0 | AB45: 0 | AC45: 0 | AD45: 0 | AE45: 0 | AF45: 0 | AG45: 0 | AH45: 0 | AI45: 0 | AJ45: 0 | AK45: 0 | AL45: 0 | AM45: 0 | AN45: 0 | AO45: 0 | AP45: 0 | AQ45: 0 | AR45: 0 | AS45: 0 | AT45: 0 | AU45: 0 | AV45: 0 | AW45: 0 | AX45: 2 | AY45: 0 | AZ45: 0 | BA45: 0 | BB45: 0 | BC45: 0 | BD45: 10 | BE45: 0 | BF45: 5.8636295 | BG45: 10.294919 | BH45: 2.7520247 | BI45: 9.3530728 | BJ45: 22.726259 | BK45: 39.328301 | BL45: 55.033488 | BM45: 28.18051 | BN45: 33.018844 | BO45: 80.7 | BP45: 28.14752 | BQ45: 74.4 | BR45: 63.1 | BS45: 67.4 | BT45: 51.4 | BU45: 62.7 | BV45: 68.5 | BW45: 103 | BX45: 83.3 | BY45: 61.9 | BZ45: 44.1 | CA45: 70 | CB45: 22 | CC45: 22.714148 | CD45: 0.1 | CE45: 7 | CF45: 0 | CH45: =Sheet1!CH45-[1]Sheet1!CH45 -> #ERROR! | CI45: =Sheet1!CI45-[1]Sheet1!CI45 -> #ERROR! | CJ45: =Sheet1!CJ45-[1]Sheet1!CJ45 -> #ERROR! | CK45: =Sheet1!CK45-[1]Sheet1!CK45 -> #ERROR! | CL45: =Sheet1!CL45-[1]Sheet1!CL45 -> #ERROR! | CM45: =Sheet1!CM45-[1]Sheet1!CM45 -> #ERROR! | CN45: =Sheet1!CN45-[1]Sheet1!CN45 -> #ERROR! | CO45: =Sheet1!CO45-[1]Sheet1!CO45 -> #ERROR!
B46: Gold payable in concentrate | C46: koz | F46: 0 | G46: 0 | H46: 0 | I46: 0 | J46: 0 | K46: 0 | L46: 1.52 | M46: 7.6 | N46: 14.372035 | O46: 96.095252 | P46: 119 | Q46: 189.7 | R46: =Sheet1!R46-[1]Sheet1!R46 -> #ERROR! | S46: =Sheet1!S46-[1]Sheet1!S46 -> #ERROR! | T46: =Sheet1!T46-[1]Sheet1!T46 -> #ERROR! | U46: =Sheet1!U46-[1]Sheet1!U46 -> #ERROR! | V46: =Sheet1!V46-[1]Sheet1!V46 -> #ERROR! | W46: =Sheet1!W46-[1]Sheet1!W46 -> #ERROR! | Y46: 0 | Z46: 0 | AA46: 0 | AB46: 0 | AC46: 0 | AD46: 0 | AE46: 0 | AF46: 0 | AG46: 0 | AH46: 0 | AI46: 0 | AJ46: 0 | AK46: 0 | AL46: 0 | AM46: 0 | AN46: 0 | AO46: 0 | AP46: 0 | AQ46: 0 | AR46: 0 | AS46: 0 | AT46: 0 | AU46: 0 | AV46: 0 | AW46: 0 | AX46: 1.52 | AY46: 0 | AZ46: 0 | BA46: 0 | BB46: 0 | BC46: 0 | BD46: 7.6 | BE46: 0 | BF46: 4.4563584 | BG46: 7.8241381 | BH46: 2.0915388 | BI46: 7.1083353 | BJ46: 17.271957 | BK46: 29.889509 | BL46: 41.825451 | BM46: 19.726357 | BN46: 23.11319 | BO46: 56.5 | BP46: 19.7 | BQ46: 55.1 | BR46: 46.7 | BS46: 49.8 | BT46: 38.1 | BU46: 46.5 | BV46: 50.8 | BW46: 76.4 | BX46: 61.8 | BY46: 48.5 | BZ46: 32.4 | CA46: 55.5 | CB46: 17.2 | CC46: 17.4 | CD46: 0 | CE46: 5.4 | CF46: 0 | CH46: =Sheet1!CH46-[1]Sheet1!CH46 -> #ERROR! | CI46: =Sheet1!CI46-[1]Sheet1!CI46 -> #ERROR! | CJ46: =Sheet1!CJ46-[1]Sheet1!CJ46 -> #ERROR! | CK46: =Sheet1!CK46-[1]Sheet1!CK46 -> #ERROR! | CL46: =Sheet1!CL46-[1]Sheet1!CL46 -> #ERROR! | CM46: =Sheet1!CM46-[1]Sheet1!CM46 -> #ERROR! | CN46: =Sheet1!CN46-[1]Sheet1!CN46 -> #ERROR! | CO46: =Sheet1!CO46-[1]Sheet1!CO46 -> #ERROR!
B47: Total gold produced | C47: koz | F47: 861.07111 | G47: 872.81467 | H47: 839.19852 | I47: 585 | J47: 566 | K47: 653 | L47: 693.3 | M47: 735.5 | N47: 760.03351 | O47: 943.38864 | P47: 1177.3 | Q47: 1321.7 | R47: =Sheet1!R47-[1]Sheet1!R47 -> #ERROR! | S47: =Sheet1!S47-[1]Sheet1!S47 -> #ERROR! | T47: =Sheet1!T47-[1]Sheet1!T47 -> #ERROR! | U47: =Sheet1!U47-[1]Sheet1!U47 -> #ERROR! | V47: =Sheet1!V47-[1]Sheet1!V47 -> #ERROR! | W47: =Sheet1!W47-[1]Sheet1!W47 -> #ERROR! | Y47: 175.19237 | Z47: 172.21109 | AA47: 258.92755 | AB47: 254.74011 | AC47: 137.99542 | AD47: 312.19704 | AE47: 192.46999 | AF47: 230.15223 | AG47: 193.61692 | AH47: 149.86808 | AI47: 283.88199 | AJ47: 211.83152 | AK47: 111 | AL47: 122 | AM47: 156 | AN47: 196 | AO47: 110.2 | AP47: 137.7 | AQ47: 158.4 | AR47: 159.7 | AS47: 156.6 | AT47: 161.8 | AU47: 133.2 | AV47: 201.4 | AW47: 156.6 | AX47: 153.6 | AY47: 185.8 | AZ47: 197.3 | BA47: 167 | BB47: 187.3 | BC47: 189.2 | BD47: 192 | BE47: 161.59117 | BF47: 200.77777 | BG47: 198.78631 | BH47: 198.87825 | BI47: 160.22294 | BJ47: 202.60667 | BK47: 253.26466 | BL47: 327.29437 | BM47: 247.28477 | BN47: 259.20912 | BO47: 344.79889 | BP47: 326 | BQ47: 287.5 | BR47: 339.1 | BS47: 350.4 | BT47: 344.7 | BU47: 311 | BV47: 351.2 | BW47: 342.9 | BX47: 384.1 | BY47: 276.93543 | BZ47: 308.1 | CA47: 324.8 | CB47: 290 | CC47: 265.13838 | CD47: 270 | CE47: 288.6 | CF47: 289 | CH47: =Sheet1!CH47-[1]Sheet1!CH47 -> #ERROR! | CI47: =Sheet1!CI47-[1]Sheet1!CI47 -> #ERROR! | CJ47: =Sheet1!CJ47-[1]Sheet1!CJ47 -> #ERROR! | CK47: =Sheet1!CK47-[1]Sheet1!CK47 -> #ERROR! | CL47: =Sheet1!CL47-[1]Sheet1!CL47 -> #ERROR! | CM47: =Sheet1!CM47-[1]Sheet1!CM47 -> #ERROR! | CN47: =Sheet1!CN47-[1]Sheet1!CN47 -> #ERROR! | CO47: =Sheet1!CO47-[1]Sheet1!CO47 -> #ERROR!
B50: BLAGODATNOYE
B52: Mining
B53: Total rock moved | C53: 000 m3 | F53: 0 | G53: 1660.1 | H53: 7740 | I53: 11148.009 | J53: 13522.399 | K53: 15355.086 | L53: 13320.971 | M53: 14695.74 | N53: 16432.641 | O53: 17635.607 | P53: 27276.641 | Q53: 28058.289 | R53: =Sheet1!R53-[1]Sheet1!R53 -> #ERROR! | S53: =Sheet1!S53-[1]Sheet1!S53 -> #ERROR! | T53: =Sheet1!T53-[1]Sheet1!T53 -> #ERROR! | U53: =Sheet1!U53-[1]Sheet1!U53 -> #ERROR! | V53: =Sheet1!V53-[1]Sheet1!V53 -> #ERROR! | W53: =Sheet1!W53-[1]Sheet1!W53 -> #ERROR! | Y53: 0 | Z53: 0 | AA53: 0 | AB53: 0 | AC53: 0 | AD53: 51.7 | AE53: 735.6 | AF53: 872.8 | AG53: 1545.3 | AH53: 611.1 | AI53: 1206.8 | AJ53: 4376.8 | AK53: 2348.7 | AL53: 2683 | AM53: 3520.209 | AN53: 2596.1 | AO53: 3211.3 | AP53: 3296.899 | AQ53: 3460.8 | AR53: 3553.4 | AS53: 3815.2238 | AT53: 3851.8 | AU53: 3850.447 | AV53: 3837.615 | AW53: 3271.94 | AX53: 3287.2486 | AY53: 3365.7624 | AZ53: 3396.0204 | BA53: 3492.924 | BB53: 3720.7108 | BC53: 3822.6752 | BD53: 3659.43 | BE53: 3581.3588 | BF53: 4323.5638 | BG53: 4304.0468 | BH53: 4223.672 | BI53: 3853.4752 | BJ53: 4324.4689 | BK53: 5125.0464 | BL53: 4332.6166 | BM53: 6180.2232 | BN53: 6391.6672 | BO53: 7371.4285 | BP53: 7333.322 | BQ53: 6931.9 | BR53: 7110.2661 | BS53: 7478.3228 | BT53: 6537.8 | BU53: 6139.684 | BV53: 5887.0776 | BW53: 6382.1232 | BX53: 6024.3731 | BY53: 5986.5 | BZ53: 5704.3 | CA53: 5914.2 | CB53: 5914 | CC53: 6085.3 | CD53: 7179.9 | CE53: 7550.1 | CF53: 7304 | CH53: =Sheet1!CH53-[1]Sheet1!CH53 -> #ERROR! | CI53: =Sheet1!CI53-[1]Sheet1!CI53 -> #ERROR! | CJ53: =Sheet1!CJ53-[1]Sheet1!CJ53 -> #ERROR! | CK53: =Sheet1!CK53-[1]Sheet1!CK53 -> #ERROR! | CL53: =Sheet1!CL53-[1]Sheet1!CL53 -> #ERROR! | CM53: =Sheet1!CM53-[1]Sheet1!CM53 -> #ERROR! | CN53: =Sheet1!CN53-[1]Sheet1!CN53 -> #ERROR! | CO53: =Sheet1!CO53-[1]Sheet1!CO53 -> #ERROR!
B54: Stripping | C54: 000 m3 | F54: 0 | G54: 1660.1 | H54: 7519.2 | I54: 9109.1 | J54: 11187.21 | K54: 13040.4 | L54: 10851.029 | M54: 12027.537 | N54: 13678.541 | O54: 13491.35 | P54: 22665.446 | Q54: 25464.594 | R54: =Sheet1!R54-[1]Sheet1!R54 -> #ERROR! | S54: =Sheet1!S54-[1]Sheet1!S54 -> #ERROR! | T54: =Sheet1!T54-[1]Sheet1!T54 -> #ERROR! | U54: =Sheet1!U54-[1]Sheet1!U54 -> #ERROR! | V54: =Sheet1!V54-[1]Sheet1!V54 -> #ERROR! | W54: =Sheet1!W54-[1]Sheet1!W54 -> #ERROR! | Y54: 0 | Z54: 0 | AA54: 0 | AB54: 0 | AC54: 0 | AD54: 51.7 | AE54: 735.6 | AF54: 872.8 | AG54: 1545.3 | AH54: 611.1 | AI54: 1119.1 | AJ54: 4243.7 | AK54: 1987.4 | AL54: 2191.8 | AM54: 2941.3 | AN54: 1988.6 | AO54: 2560 | AP54: 2641.2 | AQ54: 2964.2 | AR54: 3021.81 | AS54: 3251.8 | AT54: 3274.1 | AU54: 3257.2 | AV54: 3257.3 | AW54: 2663.04 | AX54: 2630.5836 | AY54: 2738.91 | AZ54: 2818.4952 | BA54: 2785.2832 | BB54: 3092.1536 | BC54: 3172.1 | BD54: 2978 | BE54: 2963.5 | BF54: 3561 | BG54: 3634.3908 | BH54: 3519.65 | BI54: 2819.06 | BJ54: 3275.9 | BK54: 4077.0476 | BL54: 3319.3424 | BM54: 5123.1484 | BN54: 5369.2624 | BO54: 6121.6565 | BP54: 6051.3792 | BQ54: 6123.778 | BR54: 6587.9711 | BS54: 6933.3092 | BT54: 5819.5354 | BU54: 5336.413 | BV54: 4947.8135 | BW54: 4784.4183 | BX54: 4058.9223 | BY54: 4205.8327 | BZ54: 4422.2191 | CA54: 4581.5045 | CB54: 4344 | CC54: 4501.5817 | CD54: 5607.925 | CE54: 5602 | CF54: 5599 | CH54: =Sheet1!CH54-[1]Sheet1!CH54 -> #ERROR! | CI54: =Sheet1!CI54-[1]Sheet1!CI54 -> #ERROR! | CJ54: =Sheet1!CJ54-[1]Sheet1!CJ54 -> #ERROR! | CK54: =Sheet1!CK54-[1]Sheet1!CK54 -> #ERROR! | CL54: =Sheet1!CL54-[1]Sheet1!CL54 -> #ERROR! | CM54: =Sheet1!CM54-[1]Sheet1!CM54 -> #ERROR! | CN54: =Sheet1!CN54-[1]Sheet1!CN54 -> #ERROR! | CO54: =Sheet1!CO54-[1]Sheet1!CO54 -> #ERROR!
B55: Stripping ratio | C55: m3/t | F55: 0 | G55: 0 | H55: 12.645812 | I55: 1.6375877 | J55: 1.7265154 | K55: 2.01781 | L55: 1.5863093 | M55: 1.6271663 | N55: 1.7932979 | O55: 1.1716246 | P55: 1.7661846 | Q55: 3.5515282 | R55: =Sheet1!R55-[1]Sheet1!R55 -> #ERROR! | S55: =Sheet1!S55-[1]Sheet1!S55 -> #ERROR! | T55: =Sheet1!T55-[1]Sheet1!T55 -> #ERROR! | U55: =Sheet1!U55-[1]Sheet1!U55 -> #ERROR! | V55: =Sheet1!V55-[1]Sheet1!V55 -> #ERROR! | W55: =Sheet1!W55-[1]Sheet1!W55 -> #ERROR! | Y55: 0 | Z55: 0 | AA55: 0 | AB55: 0 | AC55: 0 | AD55: 0 | AE55: 0 | AF55: 0 | AG55: 0 | AH55: 0 | AI55: 4.752017 | AJ55: 11.8176 | AK55: 2.0371054 | AL55: 1.6524925 | AM55: 1.8520509 | AN55: 1.1890554 | AO55: 1.4239943 | AP55: 1.4545957 | AQ55: 2.1443129 | AR55: 2.0365755 | AS55: 2.0611408 | AT55: 2.027432 | AU55: 1.9694074 | AV55: 2.0154297 | AW55: 1.5762483 | AX55: 1.4502489 | AY55: 1.5727665 | AZ55: 1.7664171 | BA55: 1.417245 | BB55: 1.7805073 | BC55: 1.7539409 | BD55: 1.5830309 | BE55: 1.7361782 | BF55: 1.6829241 | BG55: 1.9598848 | BH55: 1.8046433 | BI55: 0.98102508 | BJ55: 1.1250133 | BK55: 1.4022923 | BL55: 1.1761544 | BM55: 1.7397186 | BN55: 1.8892696 | BO55: 1.7605886 | BP55: 1.6955141 | BQ55: 2.7321608 | BR55: 4.5589252 | BS55: 4.5878601 | BT55: 2.9505295 | BU55: 2.4089608 | BV55: 1.9180255 | BW55: 1.0893177 | BX55: 0.74572203 | BY55: 0.84355069 | BZ55: 1.2318755 | CA55: 1.2277761 | CB55: 0.9889583 | CC55: 1.0151475 | CD55: 1.2740853 | CE55: 1.0275535 | CF55: 1.2 | CH55: =Sheet1!CH55-[1]Sheet1!CH55 -> #ERROR! | CI55: =Sheet1!CI55-[1]Sheet1!CI55 -> #ERROR! | CJ55: =Sheet1!CJ55-[1]Sheet1!CJ55 -> #ERROR! | CK55: =Sheet1!CK55-[1]Sheet1!CK55 -> #ERROR! | CL55: =Sheet1!CL55-[1]Sheet1!CL55 -> #ERROR! | CM55: =Sheet1!CM55-[1]Sheet1!CM55 -> #ERROR! | CN55: =Sheet1!CN55-[1]Sheet1!CN55 -> #ERROR! | CO55: =Sheet1!CO55-[1]Sheet1!CO55 -> #ERROR!
B56: Ore mined | C56: kT | F56: 0 | G56: 0 | H56: 594.6 | I56: 5562.5113 | J56: 6479.6467 | K56: 6462.65 | L56: 6840.4243 | M56: 7391.7072 | N56: 7627.59 | O56: 11515.079 | P56: 12833 | Q56: 7170.0384 | R56: =Sheet1!R56-[1]Sheet1!R56 -> #ERROR! | S56: =Sheet1!S56-[1]Sheet1!S56 -> #ERROR! | T56: =Sheet1!T56-[1]Sheet1!T56 -> #ERROR! | U56: =Sheet1!U56-[1]Sheet1!U56 -> #ERROR! | V56: =Sheet1!V56-[1]Sheet1!V56 -> #ERROR! | W56: =Sheet1!W56-[1]Sheet1!W56 -> #ERROR! | Y56: 0 | Z56: 0 | AA56: 0 | AB56: 0 | AC56: 0 | AD56: 0 | AE56: 0 | AF56: 0 | AG56: 0 | AH56: 0 | AI56: 235.5 | AJ56: 359.1 | AK56: 975.6 | AL56: 1326.36 | AM56: 1588.1313 | AN56: 1672.42 | AO56: 1797.76 | AP56: 1815.7623 | AQ56: 1382.3542 | AR56: 1483.7702 | AS56: 1577.67 | AT56: 1614.9 | AU56: 1653.8986 | AV56: 1616.1814 | AW56: 1689.48 | AX56: 1813.8843 | AY56: 1741.46 | AZ56: 1595.6 | BA56: 1965.28 | BB56: 1736.67 | BC56: 1808.5558 | BD56: 1881.2014 | BE56: 1706.91 | BF56: 2115.96 | BG56: 1854.39 | BH56: 1950.33 | BI56: 2873.5861 | BJ56: 2911.8767 | BK56: 2907.4165 | BL56: 2822.1996 | BM56: 2944.8144 | BN56: 2841.9778 | BO56: 3477.0511 | BP56: 3569.0528 | BQ56: 2241.368 | BR56: 1445.0711 | BS56: 1512 | BT56: 1972.3698 | BU56: 2215.2345 | BV56: 2579.6391 | BW56: 4392.124 | BX56: 5442.9427 | BY56: 4985.8684 | BZ56: 3589.8265 | CA56: 3731 | CB56: 4394 | CC56: 4434.4112 | CD56: 4401.5301 | CE56: 5452 | CF56: 4773 | CH56: =Sheet1!CH56-[1]Sheet1!CH56 -> #ERROR! | CI56: =Sheet1!CI56-[1]Sheet1!CI56 -> #ERROR! | CJ56: =Sheet1!CJ56-[1]Sheet1!CJ56 -> #ERROR! | CK56: =Sheet1!CK56-[1]Sheet1!CK56 -> #ERROR! | CL56: =Sheet1!CL56-[1]Sheet1!CL56 -> #ERROR! | CM56: =Sheet1!CM56-[1]Sheet1!CM56 -> #ERROR! | CN56: =Sheet1!CN56-[1]Sheet1!CN56 -> #ERROR! | CO56: =Sheet1!CO56-[1]Sheet1!CO56 -> #ERROR!
B57: Average grade in ore mined | C57: g/t | F57: 0 | G57: 0 | H57: 2.146485 | I57: 1.991978 | J57: 2.0775633 | K57: 2.1092849 | L57: 2.0745511 | M57: 1.9961464 | N57: 1.9696313 | O57: 2.0059252 | P57: 1.94 | Q57: 1.5959152 | R57: =Sheet1!R57-[1]Sheet1!R57 -> #ERROR! | S57: =Sheet1!S57-[1]Sheet1!S57 -> #ERROR! | T57: =Sheet1!T57-[1]Sheet1!T57 -> #ERROR! | U57: =Sheet1!U57-[1]Sheet1!U57 -> #ERROR! | V57: =Sheet1!V57-[1]Sheet1!V57 -> #ERROR! | W57: =Sheet1!W57-[1]Sheet1!W57 -> #ERROR! | Y57: 0 | Z57: 0 | AA57: 0 | AB57: 0 | AC57: 0 | AD57: 0 | AE57: 0 | AF57: 0 | AG57: 0 | AH57: 0 | AI57: 2.2955414 | AJ57: 2.0487329 | AK57: 2.101886 | AL57: 1.9241382 | AM57: 1.9617396 | AN57: 2.0103802 | AO57: 2.0257687 | AP57: 2.0961004 | AQ57: 2.1341274 | AR57: 2.0649357 | AS57: 2.0872489 | AT57: 2.0688959 | AU57: 2.0767114 | AV57: 2.2044865 | AW57: 2.148815 | AX57: 2.0391157 | AY57: 2.0369001 | AZ57: 2.0772938 | BA57: 1.9864701 | BB57: 2.0110959 | BC57: 1.9606473 | BD57: 2.0265825 | BE57: 1.8376306 | BF57: 2.0059689 | BG57: 2.0049504 | BH57: 2.0121518 | BI57: 1.999585 | BJ57: 2.0065321 | BK57: 2.0118088 | BL57: 2.0056936 | BM57: 2.0014167 | BN57: 1.9502655 | BO57: 1.9006649 | BP57: 1.9027695 | BQ57: 1.6753025 | BR57: 1.5854642 | BS57: 1.54 | BT57: 1.5577297 | BU57: 1.2035115 | BV57: 1.343108 | BW57: 1.1687677 | BX57: 1.1062305 | BY57: 1.23 | BZ57: 1.32 | CA57: 1.3127076 | CB57: 1.3032743 | CC57: 1.1856412 | CD57: 1.4757866 | CE57: 1.4230684 | CF57: 1.32 | CH57: =Sheet1!CH57-[1]Sheet1!CH57 -> #ERROR! | CI57: =Sheet1!CI57-[1]Sheet1!CI57 -> #ERROR! | CJ57: =Sheet1!CJ57-[1]Sheet1!CJ57 -> #ERROR! | CK57: =Sheet1!CK57-[1]Sheet1!CK57 -> #ERROR! | CL57: =Sheet1!CL57-[1]Sheet1!CL57 -> #ERROR! | CM57: =Sheet1!CM57-[1]Sheet1!CM57 -> #ERROR! | CN57: =Sheet1!CN57-[1]Sheet1!CN57 -> #ERROR! | CO57: =Sheet1!CO57-[1]Sheet1!CO57 -> #ERROR!
B59: Processing
B60: Ore processed | C60: kT | F60: 0 | G60: 0 | H60: 483.989 | I60: 5362.542 | J60: 6505.073 | K60: 6498.744 | L60: 6754.855 | M60: 7250.714 | N60: 7512.334 | O60: 7753.342 | P60: 8161 | Q60: 8718.656 | R60: =Sheet1!R60-[1]Sheet1!R60 -> #ERROR! | S60: =Sheet1!S60-[1]Sheet1!S60 -> #ERROR! | T60: =Sheet1!T60-[1]Sheet1!T60 -> #ERROR! | U60: =Sheet1!U60-[1]Sheet1!U60 -> #ERROR! | V60: =Sheet1!V60-[1]Sheet1!V60 -> #ERROR! | W60: =Sheet1!W60-[1]Sheet1!W60 -> #ERROR! | Y60: 0 | Z60: 0 | AA60: 0 | AB60: 0 | AC60: 0 | AD60: 0 | AE60: 0 | AF60: 0 | AG60: 0 | AH60: 0 | AI60: 0 | AJ60: 483.989 | AK60: 903.791 | AL60: 1346.285 | AM60: 1619.09 | AN60: 1493.376 | AO60: 1608.136 | AP60: 1419.404 | AQ60: 1684.558 | AR60: 1792.975 | AS60: 1596.259 | AT60: 1517.186 | AU60: 1734.337 | AV60: 1650.962 | AW60: 1616.357 | AX60: 1757.246 | AY60: 1700.218 | AZ60: 1681.034 | BA60: 1897.075 | BB60: 1725.48 | BC60: 1800.09 | BD60: 1828.069 | BE60: 1919.516 | BF60: 1607.356 | BG60: 2002.534 | BH60: 1982.928 | BI60: 1839.654 | BJ60: 1981.992 | BK60: 2080.122 | BL60: 1851.574 | BM60: 1977 | BN60: 2105 | BO60: 1880.411 | BP60: 2199 | BQ60: 2040.163 | BR60: 2195.316 | BS60: 2349 | BT60: 2134.628 | BU60: 2282.023 | BV60: 2321.895 | BW60: 2061.049 | BX60: 2340.105 | BY60: 2187.904 | BZ60: 2254.3 | CA60: 2335.538 | CB60: 2010.345 | CC60: 2191.568 | CD60: 2283.165 | CE60: 2194.429 | CF60: 2348 | CH60: =Sheet1!CH60-[1]Sheet1!CH60 -> #ERROR! | CI60: =Sheet1!CI60-[1]Sheet1!CI60 -> #ERROR! | CJ60: =Sheet1!CJ60-[1]Sheet1!CJ60 -> #ERROR! | CK60: =Sheet1!CK60-[1]Sheet1!CK60 -> #ERROR! | CL60: =Sheet1!CL60-[1]Sheet1!CL60 -> #ERROR! | CM60: =Sheet1!CM60-[1]Sheet1!CM60 -> #ERROR! | CN60: =Sheet1!CN60-[1]Sheet1!CN60 -> #ERROR! | CO60: =Sheet1!CO60-[1]Sheet1!CO60 -> #ERROR!
B61: Average grade in ore processed | C61: g/t | F61: 0 | G61: 0 | H61: 2.1132536 | I61: 1.9779674 | J61: 2.0948169 | K61: 2.1339916 | L61: 2.0484731 | M61: 1.9574955 | N61: 1.9928154 | O61: 2.0685469 | P61: 1.99 | Q61: 1.6966141 | R61: =Sheet1!R61-[1]Sheet1!R61 -> #ERROR! | S61: =Sheet1!S61-[1]Sheet1!S61 -> #ERROR! | T61: =Sheet1!T61-[1]Sheet1!T61 -> #ERROR! | U61: =Sheet1!U61-[1]Sheet1!U61 -> #ERROR! | V61: =Sheet1!V61-[1]Sheet1!V61 -> #ERROR! | W61: =Sheet1!W61-[1]Sheet1!W61 -> #ERROR! | Y61: 0 | Z61: 0 | AA61: 0 | AB61: 0 | AC61: 0 | AD61: 0 | AE61: 0 | AF61: 0 | AG61: 0 | AH61: 0 | AI61: 0 | AJ61: 2.1132536 | AK61: 1.9351629 | AL61: 1.9322138 | AM61: 1.9982165 | AN61: 2.023166 | AO61: 2.1086824 | AP61: 2.1136106 | AQ61: 2.0886584 | AR61: 2.0732889 | AS61: 2.0529172 | AT61: 2.1525508 | AU61: 2.1428927 | AV61: 2.1859739 | AW61: 2.0738751 | AX61: 2.1092135 | AY61: 1.9859657 | AZ61: 2.0237748 | BA61: 1.825479 | BB61: 1.9550028 | BC61: 1.9813274 | BD61: 2.0733812 | BE61: 1.8525278 | BF61: 2.0294502 | BG61: 2.0352512 | BH61: 2.0560654 | BI61: 2.0733649 | BJ61: 2.0495761 | BK61: 2.0849273 | BL61: 2.0656646 | BM61: 2.0098533 | BN61: 1.9648629 | BO61: 1.933413 | BP61: 2.0642544 | BQ61: 1.7385638 | BR61: 1.6384711 | BS61: 1.66 | BT61: 1.7618571 | BU61: 1.5704166 | BV61: 1.6127383 | BW61: 1.7249043 | BX61: 1.7720837 | BY61: 1.7566986 | BZ61: 1.8024189 | CA61: 1.7973481 | CB61: 1.9145753 | CC61: 1.6500907 | CD61: 1.7979944 | CE61: 1.8100039 | CF61: 1.75 | CH61: =Sheet1!CH61-[1]Sheet1!CH61 -> #ERROR! | CI61: =Sheet1!CI61-[1]Sheet1!CI61 -> #ERROR! | CJ61: =Sheet1!CJ61-[1]Sheet1!CJ61 -> #ERROR! | CK61: =Sheet1!CK61-[1]Sheet1!CK61 -> #ERROR! | CL61: =Sheet1!CL61-[1]Sheet1!CL61 -> #ERROR! | CM61: =Sheet1!CM61-[1]Sheet1!CM61 -> #ERROR! | CN61: =Sheet1!CN61-[1]Sheet1!CN61 -> #ERROR! | CO61: =Sheet1!CO61-[1]Sheet1!CO61 -> #ERROR!
B62: Recovery | C62: % | F62: 0 | G62: 0 | H62: 0.57578086 | I62: 0.76728403 | J62: 0.84506232 | K62: 0.8644043 | L62: 0.88228652 | M62: 0.87936893 | N62: 0.87895163 | O62: 0.87952087 | P62: 0.878 | Q62: 0.875 | R62: =Sheet1!R62-[1]Sheet1!R62 -> #ERROR! | S62: =Sheet1!S62-[1]Sheet1!S62 -> #ERROR! | T62: =Sheet1!T62-[1]Sheet1!T62 -> #ERROR! | U62: =Sheet1!U62-[1]Sheet1!U62 -> #ERROR! | V62: =Sheet1!V62-[1]Sheet1!V62 -> #ERROR! | W62: =Sheet1!W62-[1]Sheet1!W62 -> #ERROR! | Y62: 0 | Z62: 0 | AA62: 0 | AB62: 0 | AC62: 0 | AD62: 0 | AE62: 0 | AF62: 0 | AG62: 0 | AH62: 0 | AI62: 0 | AJ62: 0.57578086 | AK62: 0.6557956 | AL62: 0.76781546 | AM62: 0.771931 | AN62: 0.81152691 | AO62: 0.84457831 | AP62: 0.8633381 | AQ62: 0.84768145 | AR62: 0.82705914 | AS62: 0.85498765 | AT62: 0.85870533 | AU62: 0.87962197 | AV62: 0.8618355 | AW62: 0.87130328 | AX62: 0.88843265 | AY62: 0.87843482 | AZ62: 0.8902355 | BA62: 0.87330365 | BB62: 0.87689166 | BC62: 0.88513284 | BD62: 0.88169166 | BE62: 0.87049803 | BF62: 0.86358911 | BG62: 0.8837638 | BH62: 0.89380588 | BI62: 0.88686366 | BJ62: 0.8758757 | BK62: 0.87702672 | BL62: 0.87889781 | BM62: 0.88380759 | BN62: 0.87333867 | BO62: 0.88 | BP62: 0.87716768 | BQ62: 0.872 | BR62: 0.873 | BS62: 0.877 | BT62: 0.877 | BU62: 0.875 | BV62: 0.875 | BW62: 0.87723294 | BX62: 0.885 | BY62: 0.88655958 | BZ62: 0.88516991 | CA62: 0.87914323 | CB62: 0.88654752 | CC62: 0.86229076 | CD62: 0.86969207 | CE62: 0.87160183 | CF62: 0.869 | CH62: =Sheet1!CH62-[1]Sheet1!CH62 -> #ERROR! | CI62: =Sheet1!CI62-[1]Sheet1!CI62 -> #ERROR! | CJ62: =Sheet1!CJ62-[1]Sheet1!CJ62 -> #ERROR! | CK62: =Sheet1!CK62-[1]Sheet1!CK62 -> #ERROR! | CL62: =Sheet1!CL62-[1]Sheet1!CL62 -> #ERROR! | CM62: =Sheet1!CM62-[1]Sheet1!CM62 -> #ERROR! | CN62: =Sheet1!CN62-[1]Sheet1!CN62 -> #ERROR! | CO62: =Sheet1!CO62-[1]Sheet1!CO62 -> #ERROR!
B63: Total Dore gold output | C63: koz | F63: 0 | G63: 0 | H63: 16.316726 | I63: 251.52926 | J63: 367.83409 | K63: 392.83381 | L63: 396.45508 | M63: 402.68028 | N63: 420.98407 | O63: 455.01701 | P63: 457.6 | Q63: 417.28747 | R63: =Sheet1!R63-[1]Sheet1!R63 -> #ERROR! | S63: =Sheet1!S63-[1]Sheet1!S63 -> #ERROR! | T63: =Sheet1!T63-[1]Sheet1!T63 -> #ERROR! | U63: =Sheet1!U63-[1]Sheet1!U63 -> #ERROR! | V63: =Sheet1!V63-[1]Sheet1!V63 -> #ERROR! | W63: =Sheet1!W63-[1]Sheet1!W63 -> #ERROR! | Y63: 0 | Z63: 0 | AA63: 0 | AB63: 0 | AC63: 0 | AD63: 0 | AE63: 0 | AF63: 0 | AG63: 0 | AH63: 0 | AI63: 0 | AJ63: 16.316726 | AK63: 28.563765 | AL63: 60.921225 | AM63: 82.900629 | AN63: 79.143638 | AO63: 94.267937 | AP63: 85.842628 | AQ63: 93.459002 | AR63: 94.264526 | AS63: 93.566421 | AT63: 90.734776 | AU63: 111.15202 | AV63: 97.380593 | AW63: 97.461655 | AX63: 104.37913 | AY63: 94.504744 | AZ63: 100.10955 | BA63: 96.118437 | BB63: 96.358133 | BC63: 101.0093 | BD63: 109.19441 | BE63: 94.55341 | BF63: 94.705567 | BG63: 115.41948 | BH63: 116.30562 | BI63: 109.89199 | BJ63: 114.98821 | BK63: 121.29223 | BL63: 108.84458 | BM63: 111.21881 | BN63: 117.28561 | BO63: 103.4 | BP63: 125.66096 | BQ63: 100 | BR63: 101.66602 | BS63: 111.1 | BT63: 104.47514 | BU63: 101.20263 | BV63: 104.4 | BW63: 101.0625 | BX63: 114.5 | BY63: 112.97896 | BZ63: 115.8 | CA63: 118.8574 | CB63: 109.5733 | CC63: 100.4 | CD63: 115.7566 | CE63: 109.5 | CF63: 113.2 | CH63: =Sheet1!CH63-[1]Sheet1!CH63 -> #ERROR! | CI63: =Sheet1!CI63-[1]Sheet1!CI63 -> #ERROR! | CJ63: =Sheet1!CJ63-[1]Sheet1!CJ63 -> #ERROR! | CK63: =Sheet1!CK63-[1]Sheet1!CK63 -> #ERROR! | CL63: =Sheet1!CL63-[1]Sheet1!CL63 -> #ERROR! | CM63: =Sheet1!CM63-[1]Sheet1!CM63 -> #ERROR! | CN63: =Sheet1!CN63-[1]Sheet1!CN63 -> #ERROR! | CO63: =Sheet1!CO63-[1]Sheet1!CO63 -> #ERROR!
B64: Total refined gold output | C64: koz | F64: 0 | G64: 0 | H64: 0 | I64: 253 | J64: 363.1 | K64: 401.4 | L64: 395.4 | M64: 394.3 | N64: 424.58811 | O64: 456.51799 | P64: 456.7 | Q64: 415.77619 | R64: =Sheet1!R64-[1]Sheet1!R64 -> #ERROR! | S64: =Sheet1!S64-[1]Sheet1!S64 -> #ERROR! | T64: =Sheet1!T64-[1]Sheet1!T64 -> #ERROR! | U64: =Sheet1!U64-[1]Sheet1!U64 -> #ERROR! | V64: =Sheet1!V64-[1]Sheet1!V64 -> #ERROR! | W64: =Sheet1!W64-[1]Sheet1!W64 -> #ERROR! | Y64: 0 | Z64: 0 | AA64: 0 | AB64: 0 | AC64: 0 | AD64: 0 | AE64: 0 | AF64: 0 | AG64: 0 | AH64: 0 | AI64: 0 | AJ64: 0 | AK64: 29 | AL64: 51 | AM64: 79 | AN64: 94 | AO64: 72.072599 | AP64: 80.227401 | AQ64: 117.6 | AR64: 93.2 | AS64: 83.6 | AT64: 90.3 | AU64: 116.4 | AV64: 111.1 | AW64: 86.5 | AX64: 108.4 | AY64: 89.2 | AZ64: 111.3 | BA64: 80.6 | BB64: 104.1 | BC64: 94.6 | BD64: 115 | BE64: 91.556485 | BF64: 94.580179 | BG64: 111.73603 | BH64: 126.71542 | BI64: 100.20096 | BJ64: 120.75498 | BK64: 115.89033 | BL64: 119.67173 | BM64: 108.21806 | BN64: 105.79069 | BO64: 116 | BP64: 126.7 | BQ64: 91.4 | BR64: 102.02741 | BS64: 110.1 | BT64: 112.25642 | BU64: 93.99983 | BV64: 104.1 | BW64: 96.448728 | BX64: 126.2 | BY64: 103.35289 | BZ64: 116.3 | CA64: 118.27336 | CB64: 117.41179 | CC64: 92.430404 | CD64: 117.40423 | CE64: 108.5 | CF64: 112 | CH64: =Sheet1!CH64-[1]Sheet1!CH64 -> #ERROR! | CI64: =Sheet1!CI64-[1]Sheet1!CI64 -> #ERROR! | CJ64: =Sheet1!CJ64-[1]Sheet1!CJ64 -> #ERROR! | CK64: =Sheet1!CK64-[1]Sheet1!CK64 -> #ERROR! | CL64: =Sheet1!CL64-[1]Sheet1!CL64 -> #ERROR! | CM64: =Sheet1!CM64-[1]Sheet1!CM64 -> #ERROR! | CN64: =Sheet1!CN64-[1]Sheet1!CN64 -> #ERROR! | CO64: =Sheet1!CO64-[1]Sheet1!CO64 -> #ERROR!
B67: TITIMUKHTA
B69: Mining
B70: Total rock moved | C70: 000 m3 | F70: 0 | G70: 2848.9 | H70: 5002.6 | I70: 8072.5 | J70: 10374.3 | K70: 10210.94 | L70: 10194.995 | M70: 9639.599 | N70: 5091.53 | O70: 383.1 | P70: 155.3 | Q70: 16.482097 | R70: =Sheet1!R70-[1]Sheet1!R70 -> #ERROR! | S70: =Sheet1!S70-[1]Sheet1!S70 -> #ERROR! | T70: =Sheet1!T70-[1]Sheet1!T70 -> #ERROR! | U70: =Sheet1!U70-[1]Sheet1!U70 -> #ERROR! | V70: =Sheet1!V70-[1]Sheet1!V70 -> #ERROR! | W70: =Sheet1!W70-[1]Sheet1!W70 -> #ERROR! | Y70: 0 | Z70: 0 | AA70: 0 | AB70: 0 | AC70: 410.5 | AD70: 731.2 | AE70: 809.1 | AF70: 898.1 | AG70: 1361.7 | AH70: 1846.5 | AI70: 1271.3 | AJ70: 523.1 | AK70: 1369 | AL70: 2201.4 | AM70: 2393.1 | AN70: 2109 | AO70: 2484.3 | AP70: 2617.7 | AQ70: 2649.5 | AR70: 2622.8 | AS70: 2530.5 | AT70: 2603.2 | AU70: 2544.34 | AV70: 2532.9 | AW70: 2508.9 | AX70: 2510.33 | AY70: 2636.395 | AZ70: 2539.37 | BA70: 2509.3 | BB70: 2547.57 | BC70: 2534.84 | BD70: 2047.889 | BE70: 1893.9 | BF70: 1245.9 | BG70: 1087.2 | BH70: 864.53 | BI70: 378.1 | BJ70: 0 | BK70: 0 | BL70: 5 | BM70: 17.4 | BN70: 9.2 | BO70: 128.7 | BP70: 0 | BQ70: 11.6 | BR70: 4.2820969 | BS70: 0 | BT70: 0.6 | BU70: 0 | BV70: 2.1 | BW70: 0 | BX70: 2.1 | BY70: - | BZ70: - | CA70: - | CB70: - | CC70: 0 | CD70: 0 | CE70: 0 | CF70: 0 | CH70: =Sheet1!CH70-[1]Sheet1!CH70 -> #ERROR! | CI70: =Sheet1!CI70-[1]Sheet1!CI70 -> #ERROR! | CJ70: =Sheet1!CJ70-[1]Sheet1!CJ70 -> #ERROR! | CK70: =Sheet1!CK70-[1]Sheet1!CK70 -> #ERROR! | CL70: =Sheet1!CL70-[1]Sheet1!CL70 -> #ERROR! | CM70: =Sheet1!CM70-[1]Sheet1!CM70 -> #ERROR! | CN70: =Sheet1!CN70-[1]Sheet1!CN70 -> #ERROR! | CO70: =Sheet1!CO70-[1]Sheet1!CO70 -> #ERROR!
B71: Stripping | C71: 000 m3 | F71: 0 | G71: 2755 | H71: 4295.6 | I71: 7132.31 | J71: 9511.27 | K71: 9328.2391 | L71: 9280.2912 | M71: 8824.435 | N71: 3918.6414 | O71: 233.41782 | P71: 107.76352 | Q71: 6.6144 | R71: =Sheet1!R71-[1]Sheet1!R71 -> #ERROR! | S71: =Sheet1!S71-[1]Sheet1!S71 -> #ERROR! | T71: =Sheet1!T71-[1]Sheet1!T71 -> #ERROR! | U71: =Sheet1!U71-[1]Sheet1!U71 -> #ERROR! | V71: =Sheet1!V71-[1]Sheet1!V71 -> #ERROR! | W71: =Sheet1!W71-[1]Sheet1!W71 -> #ERROR! | Y71: 0 | Z71: 0 | AA71: 0 | AB71: 0 | AC71: 410.5 | AD71: 731.2 | AE71: 741.3 | AF71: 872 | AG71: 1220.4 | AH71: 1595 | AI71: 1085.5 | AJ71: 394.7 | AK71: 1170.8 | AL71: 1958.6 | AM71: 2126.07 | AN71: 1876.84 | AO71: 2277.54 | AP71: 2395.28 | AQ71: 2432.53 | AR71: 2405.92 | AS71: 2301.0091 | AT71: 2373.04 | AU71: 2314.66 | AV71: 2339.53 | AW71: 2286.02 | AX71: 2280.963 | AY71: 2405.0118 | AZ71: 2308.2964 | BA71: 2320.91 | BB71: 2350.46 | BC71: 2312.295 | BD71: 1840.77 | BE71: 1660.9867 | BF71: 892.06544 | BG71: 805.92584 | BH71: 559.66341 | BI71: 228.41782 | BJ71: 0 | BK71: 0 | BL71: 5 | BM71: 14.505824 | BN71: 2.85 | BO71: 90.4077 | BP71: 0 | BQ71: 5 | BR71: 1.0144 | BS71: 0 | BT71: 0.6 | BU71: 0 | BV71: 1.451084 | BW71: 0 | BX71: 2.1 | BY71: - | BZ71: - | CA71: - | CB71: - | CC71: 0 | CD71: 0 | CE71: 0 | CF71: 0 | CH71: =Sheet1!CH71-[1]Sheet1!CH71 -> #ERROR! | CI71: =Sheet1!CI71-[1]Sheet1!CI71 -> #ERROR! | CJ71: =Sheet1!CJ71-[1]Sheet1!CJ71 -> #ERROR! | CK71: =Sheet1!CK71-[1]Sheet1!CK71 -> #ERROR! | CL71: =Sheet1!CL71-[1]Sheet1!CL71 -> #ERROR! | CM71: =Sheet1!CM71-[1]Sheet1!CM71 -> #ERROR! | CN71: =Sheet1!CN71-[1]Sheet1!CN71 -> #ERROR! | CO71: =Sheet1!CO71-[1]Sheet1!CO71 -> #ERROR!
B72: Stripping ratio | C72: m3/t | F72: 0 | G72: 13.038334 | H72: 2.6548826 | I72: 3.0415208 | J72: 4.0871401 | K72: 3.8511551 | L72: 3.6914822 | M72: 3.9362553 | N72: 1.2149206 | O72: 0.56707384 | P72: 0.82421398 | Q72: 0.24378653 | R72: =Sheet1!R72-[1]Sheet1!R72 -> #ERROR! | S72: =Sheet1!S72-[1]Sheet1!S72 -> #ERROR! | T72: =Sheet1!T72-[1]Sheet1!T72 -> #ERROR! | U72: =Sheet1!U72-[1]Sheet1!U72 -> #ERROR! | V72: =Sheet1!V72-[1]Sheet1!V72 -> #ERROR! | W72: =Sheet1!W72-[1]Sheet1!W72 -> #ERROR! | Y72: 0 | Z72: 0 | AA72: 0 | AB72: 0 | AC72: 0 | AD72: 0 | AE72: 4.8577982 | AF72: 14.855196 | AG72: 3.8377358 | AH72: 2.8185192 | AI72: 2.5686228 | AJ72: 1.2670947 | AK72: 2.5524308 | AL72: 3.244058 | AM72: 3.1283378 | AN72: 3.112943 | AO72: 4.0365454 | AP72: 4.1007345 | AQ72: 4.1640603 | AR72: 4.0462254 | AS72: 3.6457405 | AT72: 3.7752544 | AU72: 3.6702185 | AV72: 4.3992253 | AW72: 3.7344115 | AX72: 3.6175085 | AY72: 3.7826546 | AZ72: 3.6323095 | BA72: 4.4799158 | BB72: 4.3351224 | BC72: 3.7782598 | BD72: 3.2318308 | BE72: 2.5932657 | BF72: 0.91678188 | BG72: 1.0419075 | BH72: 0.66755338 | BI72: 0.55492665 | BJ72: 0 | BK72: 0 | BL72: 0 | BM72: 1.8225725 | BN72: 0.16320685 | BO72: 0.85836448 | BP72: 0 | BQ72: 0.27554635 | BR72: 0.11288462 | BS72: 0 | BT72: 0 | BU72: 0 | BV72: 0.81315133 | BW72: 0 | BX72: 0 | BY72: 0 | BZ72: 0 | CA72: 0 | CB72: 0 | CC72: 0 | CD72: 0 | CE72: 0 | CF72: 0 | CH72: =Sheet1!CH72-[1]Sheet1!CH72 -> #ERROR! | CI72: =Sheet1!CI72-[1]Sheet1!CI72 -> #ERROR! | CJ72: =Sheet1!CJ72-[1]Sheet1!CJ72 -> #ERROR! | CK72: =Sheet1!CK72-[1]Sheet1!CK72 -> #ERROR! | CL72: =Sheet1!CL72-[1]Sheet1!CL72 -> #ERROR! | CM72: =Sheet1!CM72-[1]Sheet1!CM72 -> #ERROR! | CN72: =Sheet1!CN72-[1]Sheet1!CN72 -> #ERROR! | CO72: =Sheet1!CO72-[1]Sheet1!CO72 -> #ERROR!
B73: Ore mined | C73: kT | F73: 0 | G73: 211.3 | H73: 1618 | I73: 2344.9815 | J73: 2327.1211 | K73: 2422.1925 | L73: 2513.9743 | M73: 2241.835 | N73: 3225.43 | O73: 411.61803 | P73: 130.74702 | Q73: 27.131934 | R73: =Sheet1!R73-[1]Sheet1!R73 -> #ERROR! | S73: =Sheet1!S73-[1]Sheet1!S73 -> #ERROR! | T73: =Sheet1!T73-[1]Sheet1!T73 -> #ERROR! | U73: =Sheet1!U73-[1]Sheet1!U73 -> #ERROR! | V73: =Sheet1!V73-[1]Sheet1!V73 -> #ERROR! | W73: =Sheet1!W73-[1]Sheet1!W73 -> #ERROR! | Y73: 0 | Z73: 0 | AA73: 0 | AB73: 0 | AC73: 0 | AD73: 0 | AE73: 152.6 | AF73: 58.7 | AG73: 318 | AH73: 565.9 | AI73: 422.6 | AJ73: 311.5 | AK73: 458.7 | AL73: 603.75 | AM73: 679.6165 | AN73: 602.915 | AO73: 564.23 | AP73: 584.11 | AQ73: 584.17261 | AR73: 594.6085 | AS73: 631.15 | AT73: 628.5775 | AU73: 630.66 | AV73: 531.805 | AW73: 612.15 | AX73: 630.53425 | AY73: 635.8 | AZ73: 635.49 | BA73: 518.07 | BB73: 542.19 | BC73: 612 | BD73: 569.575 | BE73: 640.5 | BF73: 973.04 | BG73: 773.51 | BH73: 838.38 | BI73: 411.61803 | BJ73: 0 | BK73: 0 | BL73: 0 | BM73: 7.9589835 | BN73: 17.462502 | BO73: 105.32554 | BP73: 0 | BQ73: 18.145767 | BR73: 8.9861665 | BS73: 0 | BT73: 0 | BU73: 0 | BV73: 1.784519 | BW73: 0 | BX73: 0 | BY73: 0 | BZ73: 0 | CA73: 0 | CB73: 0 | CC73: 0 | CD73: 0 | CE73: 0 | CF73: 0 | CH73: =Sheet1!CH73-[1]Sheet1!CH73 -> #ERROR! | CI73: =Sheet1!CI73-[1]Sheet1!CI73 -> #ERROR! | CJ73: =Sheet1!CJ73-[1]Sheet1!CJ73 -> #ERROR! | CK73: =Sheet1!CK73-[1]Sheet1!CK73 -> #ERROR! | CL73: =Sheet1!CL73-[1]Sheet1!CL73 -> #ERROR! | CM73: =Sheet1!CM73-[1]Sheet1!CM73 -> #ERROR! | CN73: =Sheet1!CN73-[1]Sheet1!CN73 -> #ERROR! | CO73: =Sheet1!CO73-[1]Sheet1!CO73 -> #ERROR!
B74: Average grade in ore mined | C74: g/t | F74: 0 | G74: 1.4907714 | H74: 2.1080964 | I74: 1.9965616 | J74: 2.0734633 | K74: 2.0554436 | L74: 2.0150127 | M74: 1.6626692 | N74: 1.5821177 | O74: 1.6089775 | P74: 1.62 | Q74: 1.6226075 | R74: =Sheet1!R74-[1]Sheet1!R74 -> #ERROR! | S74: =Sheet1!S74-[1]Sheet1!S74 -> #ERROR! | T74: =Sheet1!T74-[1]Sheet1!T74 -> #ERROR! | U74: =Sheet1!U74-[1]Sheet1!U74 -> #ERROR! | V74: =Sheet1!V74-[1]Sheet1!V74 -> #ERROR! | W74: =Sheet1!W74-[1]Sheet1!W74 -> #ERROR! | Y74: 0 | Z74: 0 | AA74: 0 | AB74: 0 | AC74: 0 | AD74: 0 | AE74: 1.3820446 | AF74: 1.7734242 | AG74: 2.1726415 | AH74: 2.2880368 | AI74: 2.0009465 | AJ74: 1.8606742 | AK74: 2.263789 | AL74: 1.8216149 | AM74: 1.939329 | AN74: 2.0329566 | AO74: 2.1032382 | AP74: 2.0596121 | AQ74: 2.0740959 | AR74: 2.0581946 | AS74: 2.0580844 | AT74: 2.0601915 | AU74: 2.0335046 | AV74: 2.0727146 | AW74: 2.0521768 | AX74: 2.037653 | AY74: 2.0247877 | AZ74: 1.9469701 | BA74: 1.6446619 | BB74: 1.7753739 | BC74: 1.6361438 | BD74: 1.6002634 | BE74: 1.5991569 | BF74: 1.5806442 | BG74: 1.5727398 | BH74: 1.5794628 | BI74: 1.6089775 | BJ74: 0 | BK74: 0 | BL74: 0 | BM74: 1.5071689 | BN74: 1.5693596 | BO74: 1.6386046 | BP74: 0 | BQ74: 1.6187425 | BR74: 1.6304123 | BS74: 0 | BT74: 0 | BU74: 0 | BV74: 1.8515369 | BW74: 0 | BX74: 0 | BY74: 0 | BZ74: 0 | CA74: 0 | CB74: 0 | CC74: 0 | CD74: 0 | CE74: 0 | CF74: 0 | CH74: =Sheet1!CH74-[1]Sheet1!CH74 -> #ERROR! | CI74: =Sheet1!CI74-[1]Sheet1!CI74 -> #ERROR! | CJ74: =Sheet1!CJ74-[1]Sheet1!CJ74 -> #ERROR! | CK74: =Sheet1!CK74-[1]Sheet1!CK74 -> #ERROR! | CL74: =Sheet1!CL74-[1]Sheet1!CL74 -> #ERROR! | CM74: =Sheet1!CM74-[1]Sheet1!CM74 -> #ERROR! | CN74: =Sheet1!CN74-[1]Sheet1!CN74 -> #ERROR! | CO74: =Sheet1!CO74-[1]Sheet1!CO74 -> #ERROR!
B76: Processing
B77: Ore processed | C77: kT | F77: 0 | G77: 0 | H77: 602.004 | I77: 1557.179 | J77: 1919.81 | K77: 2131.46 | L77: 2466.006 | M77: 1977.82 | N77: 1514.525 | O77: 500.028 | P77: 0 | Q77: 0 | R77: =Sheet1!R77-[1]Sheet1!R77 -> #ERROR! | S77: =Sheet1!S77-[1]Sheet1!S77 -> #ERROR! | T77: =Sheet1!T77-[1]Sheet1!T77 -> #ERROR! | U77: =Sheet1!U77-[1]Sheet1!U77 -> #ERROR! | V77: =Sheet1!V77-[1]Sheet1!V77 -> #ERROR! | W77: =Sheet1!W77-[1]Sheet1!W77 -> #ERROR! | Y77: 0 | Z77: 0 | AA77: 0 | AB77: 0 | AC77: 0 | AD77: 0 | AE77: 0 | AF77: 0 | AG77: 0 | AH77: 231.75 | AI77: 36.571 | AJ77: 333.683 | AK77: 404.179 | AL77: 355.316 | AM77: 423.684 | AN77: 374 | AO77: 514.863 | AP77: 444.913 | AQ77: 521.359 | AR77: 438.675 | AS77: 469.6 | AT77: 451.826 | AU77: 660.639 | AV77: 549.395 | AW77: 615.979 | AX77: 629.075 | AY77: 548.374 | AZ77: 672.578 | BA77: 353.983 | BB77: 537.701 | BC77: 570.549 | BD77: 515.587 | BE77: 394.103 | BF77: 445.92 | BG77: 405.288 | BH77: 269.214 | BI77: 415.273 | BJ77: 84.755 | BK77: 0 | BL77: 0 | BM77: 0 | BN77: 0 | BO77: 0 | BP77: 0 | BQ77: 0 | BR77: 0 | BS77: 0 | BT77: 0 | BU77: 0 | BV77: 0 | BW77: 0 | BX77: 0 | BY77: 0 | BZ77: 0 | CA77: 0 | CB77: - | CC77: 0 | CD77: 0 | CE77: 0 | CF77: 0 | CH77: =Sheet1!CH77-[1]Sheet1!CH77 -> #ERROR! | CI77: =Sheet1!CI77-[1]Sheet1!CI77 -> #ERROR! | CJ77: =Sheet1!CJ77-[1]Sheet1!CJ77 -> #ERROR! | CK77: =Sheet1!CK77-[1]Sheet1!CK77 -> #ERROR! | CL77: =Sheet1!CL77-[1]Sheet1!CL77 -> #ERROR! | CM77: =Sheet1!CM77-[1]Sheet1!CM77 -> #ERROR! | CN77: =Sheet1!CN77-[1]Sheet1!CN77 -> #ERROR! | CO77: =Sheet1!CO77-[1]Sheet1!CO77 -> #ERROR!
B78: Average grade in ore processed | C78: g/t | F78: 0 | G78: 0 | H78: 2.8395929 | I78: 2.357957 | J78: 2.1122373 | K78: 2.0762926 | L78: 1.9057005 | M78: 1.8513917 | N78: 2.4284185 | O78: 2.2635066 | P78: 0 | Q78: 0 | R78: =Sheet1!R78-[1]Sheet1!R78 -> #ERROR! | S78: =Sheet1!S78-[1]Sheet1!S78 -> #ERROR! | T78: =Sheet1!T78-[1]Sheet1!T78 -> #ERROR! | U78: =Sheet1!U78-[1]Sheet1!U78 -> #ERROR! | V78: =Sheet1!V78-[1]Sheet1!V78 -> #ERROR! | W78: =Sheet1!W78-[1]Sheet1!W78 -> #ERROR! | Y78: 0 | Z78: 0 | AA78: 0 | AB78: 0 | AC78: 0 | AD78: 0 | AE78: 0 | AF78: 0 | AG78: 0 | AH78: 2.8602317 | AI78: 3.0644609 | AJ78: 2.8006138 | AK78: 2.3319796 | AL78: 2.0626873 | AM78: 2.6095456 | AN78: 2.3815385 | AO78: 2.0761706 | AP78: 1.9024416 | AQ78: 2.2381973 | AR78: 2.2176452 | AS78: 2.0894836 | AT78: 2.0983773 | AU78: 2.0337667 | AV78: 2.0979916 | AW78: 1.9844943 | AX78: 2.0174092 | AY78: 2.0931855 | AZ78: 1.5761918 | BA78: 1.5948927 | BB78: 1.7008044 | BC78: 1.7844991 | BD78: 2.2585641 | BE78: 2.3114341 | BF78: 2.3388639 | BG78: 2.337121 | BH78: 2.8854525 | BI78: 2.2193251 | BJ78: 2.4799823 | BK78: 0 | BL78: 0 | BM78: 0 | BN78: 0 | BO78: 0 | BP78: 0 | BQ78: 0 | BR78: 0 | BS78: 0 | BT78: 0 | BU78: 0 | BV78: 0 | BW78: 0 | BX78: 0 | BY78: 0 | BZ78: 0 | CA78: 0 | CB78: - | CC78: 0 | CD78: 0 | CE78: 0 | CF78: 0 | CH78: =Sheet1!CH78-[1]Sheet1!CH78 -> #ERROR! | CI78: =Sheet1!CI78-[1]Sheet1!CI78 -> #ERROR! | CJ78: =Sheet1!CJ78-[1]Sheet1!CJ78 -> #ERROR! | CK78: =Sheet1!CK78-[1]Sheet1!CK78 -> #ERROR! | CL78: =Sheet1!CL78-[1]Sheet1!CL78 -> #ERROR! | CM78: =Sheet1!CM78-[1]Sheet1!CM78 -> #ERROR! | CN78: =Sheet1!CN78-[1]Sheet1!CN78 -> #ERROR! | CO78: =Sheet1!CO78-[1]Sheet1!CO78 -> #ERROR!
B79: Recovery | C79: % | F79: 0 | G79: 0 | H79: 0.75019072 | I79: 0.8411154 | J79: 0.83805931 | K79: 0.82234791 | L79: 0.85317249 | M79: 0.83452654 | N79: 0.87147923 | O79: 0.85209407 | P79: 0 | Q79: 0 | R79: =Sheet1!R79-[1]Sheet1!R79 -> #ERROR! | S79: =Sheet1!S79-[1]Sheet1!S79 -> #ERROR! | T79: =Sheet1!T79-[1]Sheet1!T79 -> #ERROR! | U79: =Sheet1!U79-[1]Sheet1!U79 -> #ERROR! | V79: =Sheet1!V79-[1]Sheet1!V79 -> #ERROR! | W79: =Sheet1!W79-[1]Sheet1!W79 -> #ERROR! | Y79: 0 | Z79: 0 | AA79: 0 | AB79: 0 | AC79: 0 | AD79: 0 | AE79: 0 | AF79: 0 | AG79: 0 | AH79: 0.82170107 | AI79: 0.83878794 | AJ79: 0.68252311 | AK79: 0.71010321 | AL79: 0.88307102 | AM79: 0.88614325 | AN79: 0.87233878 | AO79: 0.83447186 | AP79: 0.84940314 | AQ79: 0.83704882 | AR79: 0.83332163 | AS79: 0.80550799 | AT79: 0.82901476 | AU79: 0.82380849 | AV79: 0.82899771 | AW79: 0.84474047 | AX79: 0.85167264 | AY79: 0.86045894 | AZ79: 0.85680144 | BA79: 0.79493057 | BB79: 0.85413322 | BC79: 0.84910929 | BD79: 0.82557528 | BE79: 0.86940985 | BF79: 0.87679556 | BG79: 0.88179565 | BH79: 0.85418874 | BI79: 0.85363485 | BJ79: 0.84533821 | BK79: 0 | BL79: 0 | BM79: 0 | BN79: 0 | BO79: 0 | BP79: 0 | BQ79: 0 | BR79: 0 | BS79: 0 | BT79: 0 | BU79: 0 | BV79: 0 | BW79: 0 | BX79: 0 | BY79: 0 | BZ79: 0 | CA79: 0 | CB79: 0 | CC79: 0 | CD79: 0 | CE79: 0 | CF79: 0 | CH79: =Sheet1!CH79-[1]Sheet1!CH79 -> #ERROR! | CI79: =Sheet1!CI79-[1]Sheet1!CI79 -> #ERROR! | CJ79: =Sheet1!CJ79-[1]Sheet1!CJ79 -> #ERROR! | CK79: =Sheet1!CK79-[1]Sheet1!CK79 -> #ERROR! | CL79: =Sheet1!CL79-[1]Sheet1!CL79 -> #ERROR! | CM79: =Sheet1!CM79-[1]Sheet1!CM79 -> #ERROR! | CN79: =Sheet1!CN79-[1]Sheet1!CN79 -> #ERROR! | CO79: =Sheet1!CO79-[1]Sheet1!CO79 -> #ERROR!
B80: Total Dore gold output | C80: koz | F80: 0 | G80: 0 | H80: 39.125292 | I80: 99.634312 | J80: 110.63269 | K80: 115.80106 | L80: 127.67526 | M80: 100.11272 | N80: 103.11629 | O80: 32.536933 | P80: 0 | Q80: 0 | R80: =Sheet1!R80-[1]Sheet1!R80 -> #ERROR! | S80: =Sheet1!S80-[1]Sheet1!S80 -> #ERROR! | T80: =Sheet1!T80-[1]Sheet1!T80 -> #ERROR! | U80: =Sheet1!U80-[1]Sheet1!U80 -> #ERROR! | V80: =Sheet1!V80-[1]Sheet1!V80 -> #ERROR! | W80: =Sheet1!W80-[1]Sheet1!W80 -> #ERROR! | Y80: 0 | Z80: 0 | AA80: 0 | AB80: 0 | AC80: 0 | AD80: 0 | AE80: 0 | AF80: 0 | AG80: 0 | AH80: 17.511602 | AI80: 3.0222763 | AJ80: 18.591414 | AK80: 19.583322 | AL80: 24.067117 | AM80: 31.011003 | AN80: 24.972871 | AO80: 28.77776 | AP80: 23.609328 | AQ80: 31.164301 | AR80: 27.081297 | AS80: 24.375941 | AT80: 24.206361 | AU80: 35.889557 | AV80: 31.329202 | AW80: 32.419872 | AX80: 34.19438 | AY80: 31.765866 | AZ80: 29.295147 | BA80: 17.008002 | BB80: 23.282283 | BC80: 28.014133 | BD80: 31.808301 | BE80: 25.65364 | BF80: 29.055106 | BG80: 26.96365 | BH80: 21.443889 | BI80: 25.018644 | BJ80: 7.5182889 | BK80: 0 | BL80: 0 | BM80: 0 | BN80: 0 | BO80: 0 | BP80: 0 | BQ80: 0 | BR80: 0 | BS80: 0 | BT80: 0 | BU80: 0 | BV80: 0 | BW80: 0 | BX80: 0 | BY80: 0 | BZ80: 0 | CA80: 0 | CB80: 0 | CC80: 0 | CD80: 0 | CE80: 0 | CF80: 0 | CH80: =Sheet1!CH80-[1]Sheet1!CH80 -> #ERROR! | CI80: =Sheet1!CI80-[1]Sheet1!CI80 -> #ERROR! | CJ80: =Sheet1!CJ80-[1]Sheet1!CJ80 -> #ERROR! | CK80: =Sheet1!CK80-[1]Sheet1!CK80 -> #ERROR! | CL80: =Sheet1!CL80-[1]Sheet1!CL80 -> #ERROR! | CM80: =Sheet1!CM80-[1]Sheet1!CM80 -> #ERROR! | CN80: =Sheet1!CN80-[1]Sheet1!CN80 -> #ERROR! | CO80: =Sheet1!CO80-[1]Sheet1!CO80 -> #ERROR!
B81: Total refined gold output | C81: koz | F81: 0 | G81: 0 | H81: 38.749494 | I81: 100 | J81: 109.49833 | K81: 116.8 | L81: 130.8 | M81: 93 | N81: 102.2635 | O81: 40.157535 | P81: 0 | Q81: 0 | R81: =Sheet1!R81-[1]Sheet1!R81 -> #ERROR! | S81: =Sheet1!S81-[1]Sheet1!S81 -> #ERROR! | T81: =Sheet1!T81-[1]Sheet1!T81 -> #ERROR! | U81: =Sheet1!U81-[1]Sheet1!U81 -> #ERROR! | V81: =Sheet1!V81-[1]Sheet1!V81 -> #ERROR! | W81: =Sheet1!W81-[1]Sheet1!W81 -> #ERROR! | Y81: 0 | Z81: 0 | AA81: 0 | AB81: 0 | AC81: 0 | AD81: 0 | AE81: 0 | AF81: 0 | AG81: 0 | AH81: 14.590668 | AI81: 3.1588252 | AJ81: 21 | AK81: 20 | AL81: 19 | AM81: 30 | AN81: 31 | AO81: 22.2 | AP81: 22.1 | AQ81: 37 | AR81: 28.198327 | AS81: 21.8 | AT81: 24.1 | AU81: 37.6 | AV81: 33.3 | AW81: 34 | AX81: 29.4 | AY81: 30.3 | AZ81: 37.1 | BA81: 17.2 | BB81: 15 | BC81: 32 | BD81: 28.8 | BE81: 29.134522 | BF81: 28.159599 | BG81: 27.951713 | BH81: 17.017664 | BI81: 28.409015 | BJ81: 11.74852 | BK81: 0 | BL81: 0 | BM81: 0 | BN81: 0 | BO81: 0 | BP81: 0 | BQ81: 0 | BR81: 0 | BS81: 0 | BT81: 0 | BU81: 0 | BV81: 0 | BW81: 0 | BX81: 0 | BY81: 0 | BZ81: 0 | CA81: 0 | CB81: 0 | CC81: 0 | CD81: 0 | CE81: 0 | CF81: 0 | CH81: =Sheet1!CH81-[1]Sheet1!CH81 -> #ERROR! | CI81: =Sheet1!CI81-[1]Sheet1!CI81 -> #ERROR! | CJ81: =Sheet1!CJ81-[1]Sheet1!CJ81 -> #ERROR! | CK81: =Sheet1!CK81-[1]Sheet1!CK81 -> #ERROR! | CL81: =Sheet1!CL81-[1]Sheet1!CL81 -> #ERROR! | CM81: =Sheet1!CM81-[1]Sheet1!CM81 -> #ERROR! | CN81: =Sheet1!CN81-[1]Sheet1!CN81 -> #ERROR! | CO81: =Sheet1!CO81-[1]Sheet1!CO81 -> #ERROR!
B84: VERNINSKOYE**
B86: Mining
B87: Total rock moved | C87: 000 m3 | F87: 1541.2 | G87: 2627 | H87: 1340.4 | I87: 2043 | J87: 2198.5 | K87: 2408 | L87: 4539.0074 | M87: 4910.0911 | N87: 6026 | O87: 6037.0926 | P87: 6806.1284 | Q87: 7163.6577 | R87: =Sheet1!R87-[1]Sheet1!R87 -> #ERROR! | S87: =Sheet1!S87-[1]Sheet1!S87 -> #ERROR! | T87: =Sheet1!T87-[1]Sheet1!T87 -> #ERROR! | U87: =Sheet1!U87-[1]Sheet1!U87 -> #ERROR! | V87: =Sheet1!V87-[1]Sheet1!V87 -> #ERROR! | W87: =Sheet1!W87-[1]Sheet1!W87 -> #ERROR! | Y87: 0 | Z87: 197.9 | AA87: 330.3 | AB87: 1013 | AC87: 423.8 | AD87: 365.9 | AE87: 828.9 | AF87: 1008.4 | AG87: 269.1 | AH87: 375.7 | AI87: 347.9 | AJ87: 347.7 | AK87: 447.4 | AL87: 519.6 | AM87: 538 | AN87: 538 | AO87: 487.1 | AP87: 505.4 | AQ87: 559.3 | AR87: 646.7 | AS87: 526 | AT87: 682 | AU87: 653 | AV87: 547 | AW87: 954.7 | AX87: 1075.4 | AY87: 1223.6074 | AZ87: 1285.3 | BA87: 1229.2 | BB87: 1249.88 | BC87: 1231.8 | BD87: 1199.2111 | BE87: 1426.4 | BF87: 1515.4 | BG87: 1539.8 | BH87: 1544.4 | BI87: 1640.2 | BJ87: 1633.3 | BK87: 1408.9 | BL87: 1354.6926 | BM87: 1684.1052 | BN87: 1740.0111 | BO87: 1714.4121 | BP87: 1667.6 | BQ87: 1861.5819 | BR87: 2005.6907 | BS87: 1750.4951 | BT87: 1545.89 | BU87: 2092.138 | BV87: 2319.602 | BW87: 2474.94 | BX87: 2177.3806 | BY87: 2784.1799 | BZ87: 2776.6049 | CA87: 2975.833 | CB87: 2538.6623 | CC87: 3089.9891 | CD87: 3221.6826 | CE87: 3192.8815 | CF87: 2744 | CH87: =Sheet1!CH87-[1]Sheet1!CH87 -> #ERROR! | CI87: =Sheet1!CI87-[1]Sheet1!CI87 -> #ERROR! | CJ87: =Sheet1!CJ87-[1]Sheet1!CJ87 -> #ERROR! | CK87: =Sheet1!CK87-[1]Sheet1!CK87 -> #ERROR! | CL87: =Sheet1!CL87-[1]Sheet1!CL87 -> #ERROR! | CM87: =Sheet1!CM87-[1]Sheet1!CM87 -> #ERROR! | CN87: =Sheet1!CN87-[1]Sheet1!CN87 -> #ERROR! | CO87: =Sheet1!CO87-[1]Sheet1!CO87 -> #ERROR!
B88: Stripping | C88: 000 m3 | F88: 843.4 | G88: 2627 | H88: 1198.2 | I88: 1950.9 | J88: 1924.2 | K88: 1439.4 | L88: 2711.5 | M88: 3163.4 | N88: 4561.7 | O88: 4794.4 | P88: 5418.526 | Q88: 6056.2839 | R88: =Sheet1!R88-[1]Sheet1!R88 -> #ERROR! | S88: =Sheet1!S88-[1]Sheet1!S88 -> #ERROR! | T88: =Sheet1!T88-[1]Sheet1!T88 -> #ERROR! | U88: =Sheet1!U88-[1]Sheet1!U88 -> #ERROR! | V88: =Sheet1!V88-[1]Sheet1!V88 -> #ERROR! | W88: =Sheet1!W88-[1]Sheet1!W88 -> #ERROR! | Y88: 0 | Z88: 0 | AA88: 124.9 | AB88: 718.5 | AC88: 423.8 | AD88: 365.9 | AE88: 828.9 | AF88: 1008.4 | AG88: 269.1 | AH88: 375.7 | AI88: 289.9 | AJ88: 263.5 | AK88: 435.5 | AL88: 519.6 | AM88: 500.3 | AN88: 495.5 | AO88: 428.6 | AP88: 415.5 | AQ88: 508 | AR88: 572.1 | AS88: 332 | AT88: 461.2 | AU88: 376 | AV88: 270.2 | AW88: 544.9 | AX88: 688.6 | AY88: 678.4 | AZ88: 799.6 | BA88: 783.5 | BB88: 808.2 | BC88: 831 | BD88: 740.7 | BE88: 1055 | BF88: 1121.2 | BG88: 1143 | BH88: 1242.5 | BI88: 1334 | BJ88: 1285.8 | BK88: 1162.2 | BL88: 1012.4 | BM88: 1382.3 | BN88: 1331.222 | BO88: 1400.9 | BP88: 1304.104 | BQ88: 1548.7909 | BR88: 1731.227 | BS88: 1470.571 | BT88: 1305.695 | BU88: 1729.868 | BV88: 1971.4 | BW88: 2009.935 | BX88: 1705.273 | BY88: 2218.5564 | BZ88: 2243.7325 | CA88: 2376.8836 | CB88: 2146.463 | CC88: 2581.1298 | CD88: 2623.9789 | CE88: 2796.7481 | CF88: 2476 | CH88: =Sheet1!CH88-[1]Sheet1!CH88 -> #ERROR! | CI88: =Sheet1!CI88-[1]Sheet1!CI88 -> #ERROR! | CJ88: =Sheet1!CJ88-[1]Sheet1!CJ88 -> #ERROR! | CK88: =Sheet1!CK88-[1]Sheet1!CK88 -> #ERROR! | CL88: =Sheet1!CL88-[1]Sheet1!CL88 -> #ERROR! | CM88: =Sheet1!CM88-[1]Sheet1!CM88 -> #ERROR! | CN88: =Sheet1!CN88-[1]Sheet1!CN88 -> #ERROR! | CO88: =Sheet1!CO88-[1]Sheet1!CO88 -> #ERROR!
B89: Stripping ratio | C89: m3/t | F89: 0 | G89: 0 | H89: 3.1203125 | I89: 7.8450217 | J89: 2.597848 | K89: 0.55033034 | L89: 0.54954075 | M89: 0.67077378 | N89: 1.1538063 | O89: 1.4289163 | P89: 1.4462799 | Q89: 2.0255745 | R89: =Sheet1!R89-[1]Sheet1!R89 -> #ERROR! | S89: =Sheet1!S89-[1]Sheet1!S89 -> #ERROR! | T89: =Sheet1!T89-[1]Sheet1!T89 -> #ERROR! | U89: =Sheet1!U89-[1]Sheet1!U89 -> #ERROR! | V89: =Sheet1!V89-[1]Sheet1!V89 -> #ERROR! | W89: =Sheet1!W89-[1]Sheet1!W89 -> #ERROR! | Y89: 0 | Z89: 0 | AA89: 0 | AB89: 0 | AC89: 0 | AD89: 0 | AE89: 0 | AF89: 0 | AG89: 0 | AH89: 0 | AI89: 1.8512133 | AJ89: 1.1587511 | AK89: 13.566978 | AL89: N/A | AM89: 4.9140556 | AN89: 4.3173303 | AO89: 2.7135169 | AP89: 1.7117785 | AQ89: 3.666811 | AR89: 2.8396287 | AS89: 0.63382971 | AT89: 0.77374761 | AU89: 0.50247227 | AV89: 0.36153928 | AW89: 0.49253826 | AX89: 0.65935118 | AY89: 0.46085078 | AZ89: 0.60973471 | BA89: 0.65107737 | BB89: 0.67771539 | BC89: 0.76790863 | BD89: 0.59832305 | BE89: 1.0520752 | BF89: 1.0534228 | BG89: 1.0668683 | BH89: 1.5242967 | BI89: 1.6135665 | BJ89: 1.3704237 | BK89: 1.7448093 | BL89: 1.0954457 | BM89: 1.6963359 | BN89: 1.2061112 | BO89: 1.654966 | BP89: 1.3280081 | BQ89: 1.8338963 | BR89: 2.3361747 | BS89: 1.9457273 | BT89: 2.0133256 | BU89: 1.7685479 | BV89: 2.0969097 | BW89: 1.6008868 | BX89: 1.3377937 | BY89: 1.4527111 | BZ89: 1.5594954 | CA89: 1.4697858 | CB89: 2.0269956 | CC89: 1.8786609 | CD89: 1.6259629 | CE89: 2.6148586 | CF89: 3.4 | CH89: =Sheet1!CH89-[1]Sheet1!CH89 -> #ERROR! | CI89: =Sheet1!CI89-[1]Sheet1!CI89 -> #ERROR! | CJ89: =Sheet1!CJ89-[1]Sheet1!CJ89 -> #ERROR! | CK89: =Sheet1!CK89-[1]Sheet1!CK89 -> #ERROR! | CL89: =Sheet1!CL89-[1]Sheet1!CL89 -> #ERROR! | CM89: =Sheet1!CM89-[1]Sheet1!CM89 -> #ERROR! | CN89: =Sheet1!CN89-[1]Sheet1!CN89 -> #ERROR! | CO89: =Sheet1!CO89-[1]Sheet1!CO89 -> #ERROR!
B90: Ore mined | C90: kT | F90: 0 | G90: 0 | H90: 384 | I90: 248.68 | J90: 740.69 | K90: 2615.52 | L90: 4934.12 | M90: 4716.046 | N90: 3953.61 | O90: 3355.27 | P90: 3746.5265 | Q90: 2989.9092 | R90: =Sheet1!R90-[1]Sheet1!R90 -> #ERROR! | S90: =Sheet1!S90-[1]Sheet1!S90 -> #ERROR! | T90: =Sheet1!T90-[1]Sheet1!T90 -> #ERROR! | U90: =Sheet1!U90-[1]Sheet1!U90 -> #ERROR! | V90: =Sheet1!V90-[1]Sheet1!V90 -> #ERROR! | W90: =Sheet1!W90-[1]Sheet1!W90 -> #ERROR! | Y90: 0 | Z90: 0 | AA90: 0 | AB90: 0 | AC90: 0 | AD90: 0 | AE90: 0 | AF90: 0 | AG90: 0 | AH90: 0 | AI90: 156.6 | AJ90: 227.4 | AK90: 32.1 | AL90: 0 | AM90: 101.81 | AN90: 114.77 | AO90: 157.95 | AP90: 242.73 | AQ90: 138.54 | AR90: 201.47 | AS90: 523.8 | AT90: 596.06 | AU90: 748.3 | AV90: 747.36 | AW90: 1106.31 | AX90: 1044.36 | AY90: 1472.06 | AZ90: 1311.39 | BA90: 1203.39 | BB90: 1192.536 | BC90: 1082.16 | BD90: 1237.96 | BE90: 1002.78 | BF90: 1064.34 | BG90: 1071.36 | BH90: 815.13 | BI90: 826.74 | BJ90: 938.25 | BK90: 666.09 | BL90: 924.19 | BM90: 814.87396 | BN90: 1103.7307 | BO90: 846.48264 | BP90: 982 | BQ90: 844.5357 | BR90: 741.05202 | BS90: 755 | BT90: 648.5265 | BU90: 978.129 | BV90: 940.1454 | BW90: 1255.5135 | BX90: 1274.6905 | BY90: 1527.1834 | BZ90: 1438.7554 | CA90: 1617.1633 | CB90: 1058.9382 | CC90: 1373.92 | CD90: 1613.8 | CE90: 1069.56 | CF90: 724 | CH90: =Sheet1!CH90-[1]Sheet1!CH90 -> #ERROR! | CI90: =Sheet1!CI90-[1]Sheet1!CI90 -> #ERROR! | CJ90: =Sheet1!CJ90-[1]Sheet1!CJ90 -> #ERROR! | CK90: =Sheet1!CK90-[1]Sheet1!CK90 -> #ERROR! | CL90: =Sheet1!CL90-[1]Sheet1!CL90 -> #ERROR! | CM90: =Sheet1!CM90-[1]Sheet1!CM90 -> #ERROR! | CN90: =Sheet1!CN90-[1]Sheet1!CN90 -> #ERROR! | CO90: =Sheet1!CO90-[1]Sheet1!CO90 -> #ERROR!
B91: Average grade in ore mined | C91: g/t | F91: 0 | G91: 0 | H91: 2.7101563 | I91: 2.323681 | J91: 2.5630183 | K91: 1.829799 | L91: 1.9826628 | M91: 1.8991351 | N91: 2.0887244 | O91: 2.2039906 | P91: 2.1789763 | Q91: 2.6332872 | R91: =Sheet1!R91-[1]Sheet1!R91 -> #ERROR! | S91: =Sheet1!S91-[1]Sheet1!S91 -> #ERROR! | T91: =Sheet1!T91-[1]Sheet1!T91 -> #ERROR! | U91: =Sheet1!U91-[1]Sheet1!U91 -> #ERROR! | V91: =Sheet1!V91-[1]Sheet1!V91 -> #ERROR! | W91: =Sheet1!W91-[1]Sheet1!W91 -> #ERROR! | Y91: 0 | Z91: 0 | AA91: 0 | AB91: 0 | AC91: 0 | AD91: 0 | AE91: 0 | AF91: 0 | AG91: 0 | AH91: 0 | AI91: 0 | AJ91: 0 | AK91: 1.9595016 | AL91: 0 | AM91: 2.2882821 | AN91: 2.45694 | AO91: 2.4289142 | AP91: 2.5745932 | AQ91: 2.9423055 | AR91: 2.3933936 | AS91: 1.9319015 | AT91: 1.8269453 | AU91: 1.7013631 | AV91: 1.8891123 | AW91: 1.8884014 | AX91: 1.8917684 | AY91: 2.080065 | AZ91: 2.0252337 | BA91: 1.9712766 | BB91: 1.9792442 | BC91: 1.8768563 | BD91: 1.7713133 | BE91: 1.9441142 | BF91: 2.096791 | BG91: 2.0640252 | BH91: 2.2885558 | BI91: 2.2824101 | BJ91: 2.032705 | BK91: 2.2372112 | BL91: 2.2837883 | BM91: 2.1568339 | BN91: 2.16465 | BO91: 2.3610543 | BP91: 2.0564317 | BQ91: 2.632652 | BR91: 2.6146974 | BS91: 2.6 | BT91: 2.6988714 | BU91: 2.6561688 | BV91: 3.0107548 | BW91: 2.2996059 | BX91: 2.3243794 | BY91: 1.99 | BZ91: 2.1130159 | CA91: 2.2843778 | CB91: 2.4246184 | CC91: 2.3333236 | CD91: 2.2418267 | CE91: 1.91 | CF91: 2.4 | CH91: =Sheet1!CH91-[1]Sheet1!CH91 -> #ERROR! | CI91: =Sheet1!CI91-[1]Sheet1!CI91 -> #ERROR! | CJ91: =Sheet1!CJ91-[1]Sheet1!CJ91 -> #ERROR! | CK91: =Sheet1!CK91-[1]Sheet1!CK91 -> #ERROR! | CL91: =Sheet1!CL91-[1]Sheet1!CL91 -> #ERROR! | CM91: =Sheet1!CM91-[1]Sheet1!CM91 -> #ERROR! | CN91: =Sheet1!CN91-[1]Sheet1!CN91 -> #ERROR! | CO91: =Sheet1!CO91-[1]Sheet1!CO91 -> #ERROR!
B93: Processing
B94: Ore processed | C94: kT | F94: 0 | G94: 0 | H94: 0 | I94: 186.388 | J94: 153.905 | K94: 1324.2808 | L94: 1625.6451 | M94: 2203.4885 | N94: 2283.9053 | O94: 2501.3962 | P94: 2789 | Q94: 2978.8745 | R94: =Sheet1!R94-[1]Sheet1!R94 -> #ERROR! | S94: =Sheet1!S94-[1]Sheet1!S94 -> #ERROR! | T94: =Sheet1!T94-[1]Sheet1!T94 -> #ERROR! | U94: =Sheet1!U94-[1]Sheet1!U94 -> #ERROR! | V94: =Sheet1!V94-[1]Sheet1!V94 -> #ERROR! | W94: =Sheet1!W94-[1]Sheet1!W94 -> #ERROR! | Y94: 0 | Z94: 0 | AA94: 0 | AB94: 0 | AC94: 0 | AD94: 0 | AE94: 0 | AF94: 0 | AG94: 0 | AH94: 0 | AI94: 0 | AJ94: 0 | AK94: 0 | AL94: 3.188 | AM94: 79.332 | AN94: 103.868 | AO94: 26.097 | AP94: 41.663 | AQ94: 44.944 | AR94: 41.201 | AS94: 219.2028 | AT94: 347.916 | AU94: 376.923 | AV94: 380.239 | AW94: 267.03357 | AX94: 386.22664 | AY94: 416.16096 | AZ94: 556.22395 | BA94: 473.14893 | BB94: 594.22152 | BC94: 528.65807 | BD94: 607.45999 | BE94: 458.4654 | BF94: 600.1097 | BG94: 580.4596 | BH94: 644.87058 | BI94: 585.6744 | BJ94: 656.0139 | BK94: 565.58057 | BL94: 694.1273 | BM94: 591.38211 | BN94: 744.62211 | BO94: 692.5514 | BP94: 760.33992 | BQ94: 673.5603 | BR94: 801.09981 | BS94: 712 | BT94: 791.54472 | BU94: 724.5993 | BV94: 789.88237 | BW94: 724.48378 | BX94: 795.94463 | BY94: 777.85895 | BZ94: 858.03683 | CA94: 765 | CB94: 876 | CC94: 765.501 | CD94: 954 | CE94: 962.52 | CF94: 925 | CH94: =Sheet1!CH94-[1]Sheet1!CH94 -> #ERROR! | CI94: =Sheet1!CI94-[1]Sheet1!CI94 -> #ERROR! | CJ94: =Sheet1!CJ94-[1]Sheet1!CJ94 -> #ERROR! | CK94: =Sheet1!CK94-[1]Sheet1!CK94 -> #ERROR! | CL94: =Sheet1!CL94-[1]Sheet1!CL94 -> #ERROR! | CM94: =Sheet1!CM94-[1]Sheet1!CM94 -> #ERROR! | CN94: =Sheet1!CN94-[1]Sheet1!CN94 -> #ERROR! | CO94: =Sheet1!CO94-[1]Sheet1!CO94 -> #ERROR!
B95: Average grade in ore processed | C95: g/t | F95: 0 | G95: 0 | H95: 0 | I95: 1.9928577 | J95: 2.8600065 | K95: 2.2262604 | L95: 2.540145 | M95: 2.7247732 | N95: 2.6312153 | O95: 2.6514884 | P95: 2.6 | Q95: 2.6349938 | R95: =Sheet1!R95-[1]Sheet1!R95 -> #ERROR! | S95: =Sheet1!S95-[1]Sheet1!S95 -> #ERROR! | T95: =Sheet1!T95-[1]Sheet1!T95 -> #ERROR! | U95: =Sheet1!U95-[1]Sheet1!U95 -> #ERROR! | V95: =Sheet1!V95-[1]Sheet1!V95 -> #ERROR! | W95: =Sheet1!W95-[1]Sheet1!W95 -> #ERROR! | Y95: 0 | Z95: 0 | AA95: 0 | AB95: 0 | AC95: 0 | AD95: 0 | AE95: 0 | AF95: 0 | AG95: 0 | AH95: 0 | AI95: 0 | AJ95: 0 | AK95: 0 | AL95: 2.6207026 | AM95: 2.2949448 | AN95: 1.7428602 | AO95: 3.0545542 | AP95: 2.6824761 | AQ95: 2.7935943 | AR95: 2.9887454 | AS95: 2.363848 | AT95: 2.2704181 | AU95: 2.260909 | AV95: 2.0721925 | AW95: 2.5321178 | AX95: 2.3650498 | AY95: 2.6383089 | AZ95: 2.5921348 | BA95: 2.5513705 | BB95: 2.8193477 | BC95: 2.780806 | BD95: 2.7185586 | BE95: 2.6958546 | BF95: 2.622424 | BG95: 2.6221842 | BH95: 2.6015708 | BI95: 2.7238315 | BJ95: 2.6378609 | BK95: 2.6214217 | BL95: 2.6278262 | BM95: 2.6263672 | BN95: 2.6168973 | BO95: 2.6069487 | BP95: 2.5724636 | BQ95: 2.6367157 | BR95: 2.6276986 | BS95: 2.64 | BT95: 2.6325046 | BU95: 2.9002593 | BV95: 2.9048076 | BW95: 2.900501 | BX95: 2.9025021 | BY95: 2.903136 | BZ95: 2.9023104 | CA95: 2.9237592 | CB95: 2.9005962 | CC95: 2.8189126 | CD95: 2.8205464 | CE95: 2.8119007 | CF95: 2.81 | CH95: =Sheet1!CH95-[1]Sheet1!CH95 -> #ERROR! | CI95: =Sheet1!CI95-[1]Sheet1!CI95 -> #ERROR! | CJ95: =Sheet1!CJ95-[1]Sheet1!CJ95 -> #ERROR! | CK95: =Sheet1!CK95-[1]Sheet1!CK95 -> #ERROR! | CL95: =Sheet1!CL95-[1]Sheet1!CL95 -> #ERROR! | CM95: =Sheet1!CM95-[1]Sheet1!CM95 -> #ERROR! | CN95: =Sheet1!CN95-[1]Sheet1!CN95 -> #ERROR! | CO95: =Sheet1!CO95-[1]Sheet1!CO95 -> #ERROR!
